state,district,time,metric_type,value,source
India,India,2011,population,1210854977.0,Census 2011 PCA
India,India,2011,population,20311234.0,Census 2011 PCA
India,India,2011,population,21755197.0,Census 2011 PCA
India,India,2011,population,23056268.0,Census 2011 PCA
India,India,2011,population,23974041.0,Census 2011 PCA
India,India,2011,population,23710038.0,Census 2011 PCA
India,India,2011,population,26054230.0,Census 2011 PCA
India,India,2011,population,25654245.0,Census 2011 PCA
India,India,2011,population,24826640.0,Census 2011 PCA
India,India,2011,population,26968373.0,Census 2011 PCA
India,India,2011,population,23424638.0,Census 2011 PCA
India,India,2011,population,30552107.0,Census 2011 PCA
India,India,2011,population,24740946.0,Census 2011 PCA
India,India,2011,population,27877307.0,Census 2011 PCA
India,India,2011,population,24280683.0,Census 2011 PCA
India,India,2011,population,25258169.0,Census 2011 PCA
India,India,2011,population,25899454.0,Census 2011 PCA
India,India,2011,population,24592293.0,Census 2011 PCA
India,India,2011,population,21217467.0,Census 2011 PCA
India,India,2011,population,27958147.0,Census 2011 PCA
India,India,2011,population,20859088.0,Census 2011 PCA
India,India,2011,population,28882735.0,Census 2011 PCA
India,India,2011,population,19978972.0,Census 2011 PCA
India,India,2011,population,23528225.0,Census 2011 PCA
India,India,2011,population,19154055.0,Census 2011 PCA
India,India,2011,population,19880235.0,Census 2011 PCA
India,India,2011,population,27768078.0,Census 2011 PCA
India,India,2011,population,20076997.0,Census 2011 PCA
India,India,2011,population,16709350.0,Census 2011 PCA
India,India,2011,population,22127016.0,Census 2011 PCA
India,India,2011,population,14732524.0,Census 2011 PCA
India,India,2011,population,30399029.0,Census 2011 PCA
India,India,2011,population,13823245.0,Census 2011 PCA
India,India,2011,population,17613544.0,Census 2011 PCA
India,India,2011,population,12764541.0,Census 2011 PCA
India,India,2011,population,13994592.0,Census 2011 PCA
India,India,2011,population,28422631.0,Census 2011 PCA
India,India,2011,population,15827717.0,Census 2011 PCA
India,India,2011,population,11692231.0,Census 2011 PCA
India,India,2011,population,17471758.0,Census 2011 PCA
India,India,2011,population,11726347.0,Census 2011 PCA
India,India,2011,population,28528992.0,Census 2011 PCA
India,India,2011,population,11567894.0,Census 2011 PCA
India,India,2011,population,13380642.0,Census 2011 PCA
India,India,2011,population,9334352.0,Census 2011 PCA
India,India,2011,population,9626232.0,Census 2011 PCA
India,India,2011,population,23872961.0,Census 2011 PCA
India,India,2011,population,10992678.0,Census 2011 PCA
India,India,2011,population,7951297.0,Census 2011 PCA
India,India,2011,population,11649592.0,Census 2011 PCA
India,India,2011,population,7851799.0,Census 2011 PCA
India,India,2011,population,21462422.0,Census 2011 PCA
India,India,2011,population,7885966.0,Census 2011 PCA
India,India,2011,population,7735164.0,Census 2011 PCA
India,India,2011,population,5590790.0,Census 2011 PCA
India,India,2011,population,6394912.0,Census 2011 PCA
India,India,2011,population,15607546.0,Census 2011 PCA
India,India,2011,population,7071837.0,Census 2011 PCA
India,India,2011,population,4599026.0,Census 2011 PCA
India,India,2011,population,6718934.0,Census 2011 PCA
India,India,2011,population,5148712.0,Census 2011 PCA
India,India,2011,population,17810689.0,Census 2011 PCA
India,India,2011,population,6026813.0,Census 2011 PCA
India,India,2011,population,5745143.0,Census 2011 PCA
India,India,2011,population,3994105.0,Census 2011 PCA
India,India,2011,population,4086957.0,Census 2011 PCA
India,India,2011,population,13022352.0,Census 2011 PCA
India,India,2011,population,4511946.0,Census 2011 PCA
India,India,2011,population,2605082.0,Census 2011 PCA
India,India,2011,population,3548373.0,Census 2011 PCA
India,India,2011,population,2767230.0,Census 2011 PCA
India,India,2011,population,10986280.0,Census 2011 PCA
India,India,2011,population,3084183.0,Census 2011 PCA
India,India,2011,population,2250929.0,Census 2011 PCA
India,India,2011,population,1366536.0,Census 2011 PCA
India,India,2011,population,1520914.0,Census 2011 PCA
India,India,2011,population,4772346.0,Census 2011 PCA
India,India,2011,population,1667133.0,Census 2011 PCA
India,India,2011,population,835048.0,Census 2011 PCA
India,India,2011,population,1068415.0,Census 2011 PCA
India,India,2011,population,889561.0,Census 2011 PCA
India,India,2011,population,3784938.0,Census 2011 PCA
India,India,2011,population,1027816.0,Census 2011 PCA
India,India,2011,population,603793.0,Census 2011 PCA
India,India,2011,population,380185.0,Census 2011 PCA
India,India,2011,population,423497.0,Census 2011 PCA
India,India,2011,population,1264798.0,Census 2011 PCA
India,India,2011,population,447898.0,Census 2011 PCA
India,India,2011,population,221411.0,Census 2011 PCA
India,India,2011,population,235640.0,Census 2011 PCA
India,India,2011,population,213420.0,Census 2011 PCA
India,India,2011,population,833072.0,Census 2011 PCA
India,India,2011,population,258297.0,Census 2011 PCA
India,India,2011,population,153561.0,Census 2011 PCA
India,India,2011,population,94630.0,Census 2011 PCA
India,India,2011,population,106974.0,Census 2011 PCA
India,India,2011,population,272534.0,Census 2011 PCA
India,India,2011,population,120268.0,Census 2011 PCA
India,India,2011,population,71413.0,Census 2011 PCA
India,India,2011,population,104511.0,Census 2011 PCA
India,India,2011,population,64571.0,Census 2011 PCA
India,India,2011,population,605778.0,Census 2011 PCA
India,India,2011,population,4489802.0,Census 2011 PCA
India,State - JAMMU & KASHMIR (01),2011,population,12541302.0,Census 2011 PCA
India,State - JAMMU & KASHMIR (01),2011,population,275312.0,Census 2011 PCA
India,State - JAMMU & KASHMIR (01),2011,population,274393.0,Census 2011 PCA
India,State - JAMMU & KASHMIR (01),2011,population,285931.0,Census 2011 PCA
India,State - JAMMU & KASHMIR (01),2011,population,286440.0,Census 2011 PCA
India,State - JAMMU & KASHMIR (01),2011,population,292808.0,Census 2011 PCA
India,State - JAMMU & KASHMIR (01),2011,population,303136.0,Census 2011 PCA
India,State - JAMMU & KASHMIR (01),2011,population,300885.0,Census 2011 PCA
India,State - JAMMU & KASHMIR (01),2011,population,270538.0,Census 2011 PCA
India,State - JAMMU & KASHMIR (01),2011,population,285314.0,Census 2011 PCA
India,State - JAMMU & KASHMIR (01),2011,population,252100.0,Census 2011 PCA
India,State - JAMMU & KASHMIR (01),2011,population,314283.0,Census 2011 PCA
India,State - JAMMU & KASHMIR (01),2011,population,282049.0,Census 2011 PCA
India,State - JAMMU & KASHMIR (01),2011,population,289798.0,Census 2011 PCA
India,State - JAMMU & KASHMIR (01),2011,population,261079.0,Census 2011 PCA
India,State - JAMMU & KASHMIR (01),2011,population,266644.0,Census 2011 PCA
India,State - JAMMU & KASHMIR (01),2011,population,270992.0,Census 2011 PCA
India,State - JAMMU & KASHMIR (01),2011,population,263041.0,Census 2011 PCA
India,State - JAMMU & KASHMIR (01),2011,population,221619.0,Census 2011 PCA
India,State - JAMMU & KASHMIR (01),2011,population,276216.0,Census 2011 PCA
India,State - JAMMU & KASHMIR (01),2011,population,205594.0,Census 2011 PCA
India,State - JAMMU & KASHMIR (01),2011,population,294428.0,Census 2011 PCA
India,State - JAMMU & KASHMIR (01),2011,population,212628.0,Census 2011 PCA
India,State - JAMMU & KASHMIR (01),2011,population,235107.0,Census 2011 PCA
India,State - JAMMU & KASHMIR (01),2011,population,205050.0,Census 2011 PCA
India,State - JAMMU & KASHMIR (01),2011,population,213700.0,Census 2011 PCA
India,State - JAMMU & KASHMIR (01),2011,population,290870.0,Census 2011 PCA
India,State - JAMMU & KASHMIR (01),2011,population,224486.0,Census 2011 PCA
India,State - JAMMU & KASHMIR (01),2011,population,184403.0,Census 2011 PCA
India,State - JAMMU & KASHMIR (01),2011,population,231270.0,Census 2011 PCA
India,State - JAMMU & KASHMIR (01),2011,population,155093.0,Census 2011 PCA
India,State - JAMMU & KASHMIR (01),2011,population,315601.0,Census 2011 PCA
India,State - JAMMU & KASHMIR (01),2011,population,158901.0,Census 2011 PCA
India,State - JAMMU & KASHMIR (01),2011,population,172720.0,Census 2011 PCA
India,State - JAMMU & KASHMIR (01),2011,population,138758.0,Census 2011 PCA
India,State - JAMMU & KASHMIR (01),2011,population,140923.0,Census 2011 PCA
India,State - JAMMU & KASHMIR (01),2011,population,269235.0,Census 2011 PCA
India,State - JAMMU & KASHMIR (01),2011,population,164918.0,Census 2011 PCA
India,State - JAMMU & KASHMIR (01),2011,population,122478.0,Census 2011 PCA
India,State - JAMMU & KASHMIR (01),2011,population,170377.0,Census 2011 PCA
India,State - JAMMU & KASHMIR (01),2011,population,110937.0,Census 2011 PCA
India,State - JAMMU & KASHMIR (01),2011,population,281352.0,Census 2011 PCA
India,State - JAMMU & KASHMIR (01),2011,population,122678.0,Census 2011 PCA
India,State - JAMMU & KASHMIR (01),2011,population,124348.0,Census 2011 PCA
India,State - JAMMU & KASHMIR (01),2011,population,95510.0,Census 2011 PCA
India,State - JAMMU & KASHMIR (01),2011,population,90197.0,Census 2011 PCA
India,State - JAMMU & KASHMIR (01),2011,population,231044.0,Census 2011 PCA
India,State - JAMMU & KASHMIR (01),2011,population,110970.0,Census 2011 PCA
India,State - JAMMU & KASHMIR (01),2011,population,74636.0,Census 2011 PCA
India,State - JAMMU & KASHMIR (01),2011,population,109079.0,Census 2011 PCA
India,State - JAMMU & KASHMIR (01),2011,population,65061.0,Census 2011 PCA
India,State - JAMMU & KASHMIR (01),2011,population,221093.0,Census 2011 PCA
India,State - JAMMU & KASHMIR (01),2011,population,80256.0,Census 2011 PCA
India,State - JAMMU & KASHMIR (01),2011,population,65736.0,Census 2011 PCA
India,State - JAMMU & KASHMIR (01),2011,population,50576.0,Census 2011 PCA
India,State - JAMMU & KASHMIR (01),2011,population,50905.0,Census 2011 PCA
India,State - JAMMU & KASHMIR (01),2011,population,144150.0,Census 2011 PCA
India,State - JAMMU & KASHMIR (01),2011,population,65779.0,Census 2011 PCA
India,State - JAMMU & KASHMIR (01),2011,population,39082.0,Census 2011 PCA
India,State - JAMMU & KASHMIR (01),2011,population,55026.0,Census 2011 PCA
India,State - JAMMU & KASHMIR (01),2011,population,35994.0,Census 2011 PCA
India,State - JAMMU & KASHMIR (01),2011,population,167972.0,Census 2011 PCA
India,State - JAMMU & KASHMIR (01),2011,population,55358.0,Census 2011 PCA
India,State - JAMMU & KASHMIR (01),2011,population,38615.0,Census 2011 PCA
India,State - JAMMU & KASHMIR (01),2011,population,33660.0,Census 2011 PCA
India,State - JAMMU & KASHMIR (01),2011,population,27121.0,Census 2011 PCA
India,State - JAMMU & KASHMIR (01),2011,population,103476.0,Census 2011 PCA
India,State - JAMMU & KASHMIR (01),2011,population,37322.0,Census 2011 PCA
India,State - JAMMU & KASHMIR (01),2011,population,18463.0,Census 2011 PCA
India,State - JAMMU & KASHMIR (01),2011,population,26604.0,Census 2011 PCA
India,State - JAMMU & KASHMIR (01),2011,population,18100.0,Census 2011 PCA
India,State - JAMMU & KASHMIR (01),2011,population,114696.0,Census 2011 PCA
India,State - JAMMU & KASHMIR (01),2011,population,32475.0,Census 2011 PCA
India,State - JAMMU & KASHMIR (01),2011,population,16043.0,Census 2011 PCA
India,State - JAMMU & KASHMIR (01),2011,population,10565.0,Census 2011 PCA
India,State - JAMMU & KASHMIR (01),2011,population,10240.0,Census 2011 PCA
India,State - JAMMU & KASHMIR (01),2011,population,47754.0,Census 2011 PCA
India,State - JAMMU & KASHMIR (01),2011,population,15530.0,Census 2011 PCA
India,State - JAMMU & KASHMIR (01),2011,population,6362.0,Census 2011 PCA
India,State - JAMMU & KASHMIR (01),2011,population,8725.0,Census 2011 PCA
India,State - JAMMU & KASHMIR (01),2011,population,6705.0,Census 2011 PCA
India,State - JAMMU & KASHMIR (01),2011,population,48449.0,Census 2011 PCA
India,State - JAMMU & KASHMIR (01),2011,population,13022.0,Census 2011 PCA
India,State - JAMMU & KASHMIR (01),2011,population,4616.0,Census 2011 PCA
India,State - JAMMU & KASHMIR (01),2011,population,2973.0,Census 2011 PCA
India,State - JAMMU & KASHMIR (01),2011,population,3156.0,Census 2011 PCA
India,State - JAMMU & KASHMIR (01),2011,population,13443.0,Census 2011 PCA
India,State - JAMMU & KASHMIR (01),2011,population,4251.0,Census 2011 PCA
India,State - JAMMU & KASHMIR (01),2011,population,1673.0,Census 2011 PCA
India,State - JAMMU & KASHMIR (01),2011,population,2000.0,Census 2011 PCA
India,State - JAMMU & KASHMIR (01),2011,population,1611.0,Census 2011 PCA
India,State - JAMMU & KASHMIR (01),2011,population,11635.0,Census 2011 PCA
India,State - JAMMU & KASHMIR (01),2011,population,3019.0,Census 2011 PCA
India,State - JAMMU & KASHMIR (01),2011,population,1013.0,Census 2011 PCA
India,State - JAMMU & KASHMIR (01),2011,population,641.0,Census 2011 PCA
India,State - JAMMU & KASHMIR (01),2011,population,624.0,Census 2011 PCA
India,State - JAMMU & KASHMIR (01),2011,population,2397.0,Census 2011 PCA
India,State - JAMMU & KASHMIR (01),2011,population,1046.0,Census 2011 PCA
India,State - JAMMU & KASHMIR (01),2011,population,428.0,Census 2011 PCA
India,State - JAMMU & KASHMIR (01),2011,population,712.0,Census 2011 PCA
India,State - JAMMU & KASHMIR (01),2011,population,679.0,Census 2011 PCA
India,State - JAMMU & KASHMIR (01),2011,population,9482.0,Census 2011 PCA
India,State - JAMMU & KASHMIR (01),2011,population,15119.0,Census 2011 PCA
India,State - HIMACHAL PRADESH (02),2011,population,6864602.0,Census 2011 PCA
India,State - HIMACHAL PRADESH (02),2011,population,101835.0,Census 2011 PCA
India,State - HIMACHAL PRADESH (02),2011,population,113916.0,Census 2011 PCA
India,State - HIMACHAL PRADESH (02),2011,population,107317.0,Census 2011 PCA
India,State - HIMACHAL PRADESH (02),2011,population,110322.0,Census 2011 PCA
India,State - HIMACHAL PRADESH (02),2011,population,111594.0,Census 2011 PCA
India,State - HIMACHAL PRADESH (02),2011,population,117679.0,Census 2011 PCA
India,State - HIMACHAL PRADESH (02),2011,population,115235.0,Census 2011 PCA
India,State - HIMACHAL PRADESH (02),2011,population,122039.0,Census 2011 PCA
India,State - HIMACHAL PRADESH (02),2011,population,117124.0,Census 2011 PCA
India,State - HIMACHAL PRADESH (02),2011,population,119100.0,Census 2011 PCA
India,State - HIMACHAL PRADESH (02),2011,population,134596.0,Census 2011 PCA
India,State - HIMACHAL PRADESH (02),2011,population,127447.0,Census 2011 PCA
India,State - HIMACHAL PRADESH (02),2011,population,125830.0,Census 2011 PCA
India,State - HIMACHAL PRADESH (02),2011,population,124125.0,Census 2011 PCA
India,State - HIMACHAL PRADESH (02),2011,population,127226.0,Census 2011 PCA
India,State - HIMACHAL PRADESH (02),2011,population,127378.0,Census 2011 PCA
India,State - HIMACHAL PRADESH (02),2011,population,126410.0,Census 2011 PCA
India,State - HIMACHAL PRADESH (02),2011,population,124585.0,Census 2011 PCA
India,State - HIMACHAL PRADESH (02),2011,population,136759.0,Census 2011 PCA
India,State - HIMACHAL PRADESH (02),2011,population,125329.0,Census 2011 PCA
India,State - HIMACHAL PRADESH (02),2011,population,135902.0,Census 2011 PCA
India,State - HIMACHAL PRADESH (02),2011,population,126638.0,Census 2011 PCA
India,State - HIMACHAL PRADESH (02),2011,population,133018.0,Census 2011 PCA
India,State - HIMACHAL PRADESH (02),2011,population,123650.0,Census 2011 PCA
India,State - HIMACHAL PRADESH (02),2011,population,124658.0,Census 2011 PCA
India,State - HIMACHAL PRADESH (02),2011,population,128871.0,Census 2011 PCA
India,State - HIMACHAL PRADESH (02),2011,population,121425.0,Census 2011 PCA
India,State - HIMACHAL PRADESH (02),2011,population,114008.0,Census 2011 PCA
India,State - HIMACHAL PRADESH (02),2011,population,123493.0,Census 2011 PCA
India,State - HIMACHAL PRADESH (02),2011,population,101363.0,Census 2011 PCA
India,State - HIMACHAL PRADESH (02),2011,population,135071.0,Census 2011 PCA
India,State - HIMACHAL PRADESH (02),2011,population,104067.0,Census 2011 PCA
India,State - HIMACHAL PRADESH (02),2011,population,110340.0,Census 2011 PCA
India,State - HIMACHAL PRADESH (02),2011,population,93801.0,Census 2011 PCA
India,State - HIMACHAL PRADESH (02),2011,population,103078.0,Census 2011 PCA
India,State - HIMACHAL PRADESH (02),2011,population,128559.0,Census 2011 PCA
India,State - HIMACHAL PRADESH (02),2011,population,107410.0,Census 2011 PCA
India,State - HIMACHAL PRADESH (02),2011,population,91723.0,Census 2011 PCA
India,State - HIMACHAL PRADESH (02),2011,population,108396.0,Census 2011 PCA
India,State - HIMACHAL PRADESH (02),2011,population,81878.0,Census 2011 PCA
India,State - HIMACHAL PRADESH (02),2011,population,126089.0,Census 2011 PCA
India,State - HIMACHAL PRADESH (02),2011,population,83062.0,Census 2011 PCA
India,State - HIMACHAL PRADESH (02),2011,population,93789.0,Census 2011 PCA
India,State - HIMACHAL PRADESH (02),2011,population,71844.0,Census 2011 PCA
India,State - HIMACHAL PRADESH (02),2011,population,70776.0,Census 2011 PCA
India,State - HIMACHAL PRADESH (02),2011,population,114338.0,Census 2011 PCA
India,State - HIMACHAL PRADESH (02),2011,population,79664.0,Census 2011 PCA
India,State - HIMACHAL PRADESH (02),2011,population,64515.0,Census 2011 PCA
India,State - HIMACHAL PRADESH (02),2011,population,81011.0,Census 2011 PCA
India,State - HIMACHAL PRADESH (02),2011,population,55600.0,Census 2011 PCA
India,State - HIMACHAL PRADESH (02),2011,population,108972.0,Census 2011 PCA
India,State - HIMACHAL PRADESH (02),2011,population,58977.0,Census 2011 PCA
India,State - HIMACHAL PRADESH (02),2011,population,63217.0,Census 2011 PCA
India,State - HIMACHAL PRADESH (02),2011,population,48694.0,Census 2011 PCA
India,State - HIMACHAL PRADESH (02),2011,population,50827.0,Census 2011 PCA
India,State - HIMACHAL PRADESH (02),2011,population,85230.0,Census 2011 PCA
India,State - HIMACHAL PRADESH (02),2011,population,56671.0,Census 2011 PCA
India,State - HIMACHAL PRADESH (02),2011,population,40289.0,Census 2011 PCA
India,State - HIMACHAL PRADESH (02),2011,population,49791.0,Census 2011 PCA
India,State - HIMACHAL PRADESH (02),2011,population,34879.0,Census 2011 PCA
India,State - HIMACHAL PRADESH (02),2011,population,85300.0,Census 2011 PCA
India,State - HIMACHAL PRADESH (02),2011,population,40296.0,Census 2011 PCA
India,State - HIMACHAL PRADESH (02),2011,population,41435.0,Census 2011 PCA
India,State - HIMACHAL PRADESH (02),2011,population,34977.0,Census 2011 PCA
India,State - HIMACHAL PRADESH (02),2011,population,29364.0,Census 2011 PCA
India,State - HIMACHAL PRADESH (02),2011,population,62328.0,Census 2011 PCA
India,State - HIMACHAL PRADESH (02),2011,population,31639.0,Census 2011 PCA
India,State - HIMACHAL PRADESH (02),2011,population,21287.0,Census 2011 PCA
India,State - HIMACHAL PRADESH (02),2011,population,25399.0,Census 2011 PCA
India,State - HIMACHAL PRADESH (02),2011,population,17954.0,Census 2011 PCA
India,State - HIMACHAL PRADESH (02),2011,population,61230.0,Census 2011 PCA
India,State - HIMACHAL PRADESH (02),2011,population,23558.0,Census 2011 PCA
India,State - HIMACHAL PRADESH (02),2011,population,19302.0,Census 2011 PCA
India,State - HIMACHAL PRADESH (02),2011,population,13423.0,Census 2011 PCA
India,State - HIMACHAL PRADESH (02),2011,population,13074.0,Census 2011 PCA
India,State - HIMACHAL PRADESH (02),2011,population,33633.0,Census 2011 PCA
India,State - HIMACHAL PRADESH (02),2011,population,15135.0,Census 2011 PCA
India,State - HIMACHAL PRADESH (02),2011,population,8530.0,Census 2011 PCA
India,State - HIMACHAL PRADESH (02),2011,population,10597.0,Census 2011 PCA
India,State - HIMACHAL PRADESH (02),2011,population,7811.0,Census 2011 PCA
India,State - HIMACHAL PRADESH (02),2011,population,31612.0,Census 2011 PCA
India,State - HIMACHAL PRADESH (02),2011,population,10589.0,Census 2011 PCA
India,State - HIMACHAL PRADESH (02),2011,population,6754.0,Census 2011 PCA
India,State - HIMACHAL PRADESH (02),2011,population,4583.0,Census 2011 PCA
India,State - HIMACHAL PRADESH (02),2011,population,4545.0,Census 2011 PCA
India,State - HIMACHAL PRADESH (02),2011,population,12502.0,Census 2011 PCA
India,State - HIMACHAL PRADESH (02),2011,population,5152.0,Census 2011 PCA
India,State - HIMACHAL PRADESH (02),2011,population,2702.0,Census 2011 PCA
India,State - HIMACHAL PRADESH (02),2011,population,2483.0,Census 2011 PCA
India,State - HIMACHAL PRADESH (02),2011,population,1952.0,Census 2011 PCA
India,State - HIMACHAL PRADESH (02),2011,population,8388.0,Census 2011 PCA
India,State - HIMACHAL PRADESH (02),2011,population,2698.0,Census 2011 PCA
India,State - HIMACHAL PRADESH (02),2011,population,1499.0,Census 2011 PCA
India,State - HIMACHAL PRADESH (02),2011,population,1047.0,Census 2011 PCA
India,State - HIMACHAL PRADESH (02),2011,population,917.0,Census 2011 PCA
India,State - HIMACHAL PRADESH (02),2011,population,2487.0,Census 2011 PCA
India,State - HIMACHAL PRADESH (02),2011,population,1127.0,Census 2011 PCA
India,State - HIMACHAL PRADESH (02),2011,population,630.0,Census 2011 PCA
India,State - HIMACHAL PRADESH (02),2011,population,886.0,Census 2011 PCA
India,State - HIMACHAL PRADESH (02),2011,population,665.0,Census 2011 PCA
India,State - HIMACHAL PRADESH (02),2011,population,3519.0,Census 2011 PCA
India,State - HIMACHAL PRADESH (02),2011,population,10163.0,Census 2011 PCA
India,State - PUNJAB (03),2011,population,27743338.0,Census 2011 PCA
India,State - PUNJAB (03),2011,population,419950.0,Census 2011 PCA
India,State - PUNJAB (03),2011,population,424623.0,Census 2011 PCA
India,State - PUNJAB (03),2011,population,418369.0,Census 2011 PCA
India,State - PUNJAB (03),2011,population,433177.0,Census 2011 PCA
India,State - PUNJAB (03),2011,population,437410.0,Census 2011 PCA
India,State - PUNJAB (03),2011,population,478770.0,Census 2011 PCA
India,State - PUNJAB (03),2011,population,463920.0,Census 2011 PCA
India,State - PUNJAB (03),2011,population,483280.0,Census 2011 PCA
India,State - PUNJAB (03),2011,population,479447.0,Census 2011 PCA
India,State - PUNJAB (03),2011,population,462602.0,Census 2011 PCA
India,State - PUNJAB (03),2011,population,537024.0,Census 2011 PCA
India,State - PUNJAB (03),2011,population,488177.0,Census 2011 PCA
India,State - PUNJAB (03),2011,population,516955.0,Census 2011 PCA
India,State - PUNJAB (03),2011,population,510841.0,Census 2011 PCA
India,State - PUNJAB (03),2011,population,530405.0,Census 2011 PCA
India,State - PUNJAB (03),2011,population,555725.0,Census 2011 PCA
India,State - PUNJAB (03),2011,population,562167.0,Census 2011 PCA
India,State - PUNJAB (03),2011,population,536919.0,Census 2011 PCA
India,State - PUNJAB (03),2011,population,631613.0,Census 2011 PCA
India,State - PUNJAB (03),2011,population,531259.0,Census 2011 PCA
India,State - PUNJAB (03),2011,population,646561.0,Census 2011 PCA
India,State - PUNJAB (03),2011,population,523412.0,Census 2011 PCA
India,State - PUNJAB (03),2011,population,579848.0,Census 2011 PCA
India,State - PUNJAB (03),2011,population,509328.0,Census 2011 PCA
India,State - PUNJAB (03),2011,population,517487.0,Census 2011 PCA
India,State - PUNJAB (03),2011,population,594548.0,Census 2011 PCA
India,State - PUNJAB (03),2011,population,518816.0,Census 2011 PCA
India,State - PUNJAB (03),2011,population,434432.0,Census 2011 PCA
India,State - PUNJAB (03),2011,population,537176.0,Census 2011 PCA
India,State - PUNJAB (03),2011,population,378889.0,Census 2011 PCA
India,State - PUNJAB (03),2011,population,641634.0,Census 2011 PCA
India,State - PUNJAB (03),2011,population,356111.0,Census 2011 PCA
India,State - PUNJAB (03),2011,population,432768.0,Census 2011 PCA
India,State - PUNJAB (03),2011,population,329600.0,Census 2011 PCA
India,State - PUNJAB (03),2011,population,356426.0,Census 2011 PCA
India,State - PUNJAB (03),2011,population,604725.0,Census 2011 PCA
India,State - PUNJAB (03),2011,population,377695.0,Census 2011 PCA
India,State - PUNJAB (03),2011,population,293692.0,Census 2011 PCA
India,State - PUNJAB (03),2011,population,419611.0,Census 2011 PCA
India,State - PUNJAB (03),2011,population,293348.0,Census 2011 PCA
India,State - PUNJAB (03),2011,population,625910.0,Census 2011 PCA
India,State - PUNJAB (03),2011,population,291217.0,Census 2011 PCA
India,State - PUNJAB (03),2011,population,352362.0,Census 2011 PCA
India,State - PUNJAB (03),2011,population,263782.0,Census 2011 PCA
India,State - PUNJAB (03),2011,population,255198.0,Census 2011 PCA
India,State - PUNJAB (03),2011,population,573896.0,Census 2011 PCA
India,State - PUNJAB (03),2011,population,290871.0,Census 2011 PCA
India,State - PUNJAB (03),2011,population,216753.0,Census 2011 PCA
India,State - PUNJAB (03),2011,population,306139.0,Census 2011 PCA
India,State - PUNJAB (03),2011,population,200112.0,Census 2011 PCA
India,State - PUNJAB (03),2011,population,511972.0,Census 2011 PCA
India,State - PUNJAB (03),2011,population,204000.0,Census 2011 PCA
India,State - PUNJAB (03),2011,population,209925.0,Census 2011 PCA
India,State - PUNJAB (03),2011,population,161156.0,Census 2011 PCA
India,State - PUNJAB (03),2011,population,167411.0,Census 2011 PCA
India,State - PUNJAB (03),2011,population,350969.0,Census 2011 PCA
India,State - PUNJAB (03),2011,population,184970.0,Census 2011 PCA
India,State - PUNJAB (03),2011,population,121770.0,Census 2011 PCA
India,State - PUNJAB (03),2011,population,176178.0,Census 2011 PCA
India,State - PUNJAB (03),2011,population,122668.0,Census 2011 PCA
India,State - PUNJAB (03),2011,population,411681.0,Census 2011 PCA
India,State - PUNJAB (03),2011,population,154524.0,Census 2011 PCA
India,State - PUNJAB (03),2011,population,166385.0,Census 2011 PCA
India,State - PUNJAB (03),2011,population,140619.0,Census 2011 PCA
India,State - PUNJAB (03),2011,population,123381.0,Census 2011 PCA
India,State - PUNJAB (03),2011,population,335024.0,Census 2011 PCA
India,State - PUNJAB (03),2011,population,127308.0,Census 2011 PCA
India,State - PUNJAB (03),2011,population,75649.0,Census 2011 PCA
India,State - PUNJAB (03),2011,population,108458.0,Census 2011 PCA
India,State - PUNJAB (03),2011,population,73149.0,Census 2011 PCA
India,State - PUNJAB (03),2011,population,287428.0,Census 2011 PCA
India,State - PUNJAB (03),2011,population,83464.0,Census 2011 PCA
India,State - PUNJAB (03),2011,population,59922.0,Census 2011 PCA
India,State - PUNJAB (03),2011,population,41327.0,Census 2011 PCA
India,State - PUNJAB (03),2011,population,41331.0,Census 2011 PCA
India,State - PUNJAB (03),2011,population,130215.0,Census 2011 PCA
India,State - PUNJAB (03),2011,population,45358.0,Census 2011 PCA
India,State - PUNJAB (03),2011,population,21980.0,Census 2011 PCA
India,State - PUNJAB (03),2011,population,32546.0,Census 2011 PCA
India,State - PUNJAB (03),2011,population,26567.0,Census 2011 PCA
India,State - PUNJAB (03),2011,population,126592.0,Census 2011 PCA
India,State - PUNJAB (03),2011,population,34526.0,Census 2011 PCA
India,State - PUNJAB (03),2011,population,18956.0,Census 2011 PCA
India,State - PUNJAB (03),2011,population,12713.0,Census 2011 PCA
India,State - PUNJAB (03),2011,population,13548.0,Census 2011 PCA
India,State - PUNJAB (03),2011,population,46084.0,Census 2011 PCA
India,State - PUNJAB (03),2011,population,14830.0,Census 2011 PCA
India,State - PUNJAB (03),2011,population,6286.0,Census 2011 PCA
India,State - PUNJAB (03),2011,population,7205.0,Census 2011 PCA
India,State - PUNJAB (03),2011,population,6826.0,Census 2011 PCA
India,State - PUNJAB (03),2011,population,33835.0,Census 2011 PCA
India,State - PUNJAB (03),2011,population,9228.0,Census 2011 PCA
India,State - PUNJAB (03),2011,population,4039.0,Census 2011 PCA
India,State - PUNJAB (03),2011,population,2681.0,Census 2011 PCA
India,State - PUNJAB (03),2011,population,3091.0,Census 2011 PCA
India,State - PUNJAB (03),2011,population,9040.0,Census 2011 PCA
India,State - PUNJAB (03),2011,population,3787.0,Census 2011 PCA
India,State - PUNJAB (03),2011,population,1907.0,Census 2011 PCA
India,State - PUNJAB (03),2011,population,2986.0,Census 2011 PCA
India,State - PUNJAB (03),2011,population,2300.0,Census 2011 PCA
India,State - PUNJAB (03),2011,population,19041.0,Census 2011 PCA
India,State - PUNJAB (03),2011,population,41522.0,Census 2011 PCA
India,State - CHANDIGARH (04),2011,population,1055450.0,Census 2011 PCA
India,State - CHANDIGARH (04),2011,population,15732.0,Census 2011 PCA
India,State - CHANDIGARH (04),2011,population,15745.0,Census 2011 PCA
India,State - CHANDIGARH (04),2011,population,16374.0,Census 2011 PCA
India,State - CHANDIGARH (04),2011,population,16938.0,Census 2011 PCA
India,State - CHANDIGARH (04),2011,population,17065.0,Census 2011 PCA
India,State - CHANDIGARH (04),2011,population,19164.0,Census 2011 PCA
India,State - CHANDIGARH (04),2011,population,18416.0,Census 2011 PCA
India,State - CHANDIGARH (04),2011,population,18624.0,Census 2011 PCA
India,State - CHANDIGARH (04),2011,population,17271.0,Census 2011 PCA
India,State - CHANDIGARH (04),2011,population,17719.0,Census 2011 PCA
India,State - CHANDIGARH (04),2011,population,20360.0,Census 2011 PCA
India,State - CHANDIGARH (04),2011,population,18296.0,Census 2011 PCA
India,State - CHANDIGARH (04),2011,population,18673.0,Census 2011 PCA
India,State - CHANDIGARH (04),2011,population,17752.0,Census 2011 PCA
India,State - CHANDIGARH (04),2011,population,18383.0,Census 2011 PCA
India,State - CHANDIGARH (04),2011,population,18938.0,Census 2011 PCA
India,State - CHANDIGARH (04),2011,population,19554.0,Census 2011 PCA
India,State - CHANDIGARH (04),2011,population,19116.0,Census 2011 PCA
India,State - CHANDIGARH (04),2011,population,24660.0,Census 2011 PCA
India,State - CHANDIGARH (04),2011,population,22150.0,Census 2011 PCA
India,State - CHANDIGARH (04),2011,population,26129.0,Census 2011 PCA
India,State - CHANDIGARH (04),2011,population,23595.0,Census 2011 PCA
India,State - CHANDIGARH (04),2011,population,25251.0,Census 2011 PCA
India,State - CHANDIGARH (04),2011,population,23272.0,Census 2011 PCA
India,State - CHANDIGARH (04),2011,population,22997.0,Census 2011 PCA
India,State - CHANDIGARH (04),2011,population,26360.0,Census 2011 PCA
India,State - CHANDIGARH (04),2011,population,24134.0,Census 2011 PCA
India,State - CHANDIGARH (04),2011,population,20001.0,Census 2011 PCA
India,State - CHANDIGARH (04),2011,population,22493.0,Census 2011 PCA
India,State - CHANDIGARH (04),2011,population,17249.0,Census 2011 PCA
India,State - CHANDIGARH (04),2011,population,25422.0,Census 2011 PCA
India,State - CHANDIGARH (04),2011,population,17414.0,Census 2011 PCA
India,State - CHANDIGARH (04),2011,population,18189.0,Census 2011 PCA
India,State - CHANDIGARH (04),2011,population,14619.0,Census 2011 PCA
India,State - CHANDIGARH (04),2011,population,15159.0,Census 2011 PCA
India,State - CHANDIGARH (04),2011,population,23360.0,Census 2011 PCA
India,State - CHANDIGARH (04),2011,population,17968.0,Census 2011 PCA
India,State - CHANDIGARH (04),2011,population,13544.0,Census 2011 PCA
India,State - CHANDIGARH (04),2011,population,16245.0,Census 2011 PCA
India,State - CHANDIGARH (04),2011,population,12555.0,Census 2011 PCA
India,State - CHANDIGARH (04),2011,population,20723.0,Census 2011 PCA
India,State - CHANDIGARH (04),2011,population,13938.0,Census 2011 PCA
India,State - CHANDIGARH (04),2011,population,13534.0,Census 2011 PCA
India,State - CHANDIGARH (04),2011,population,10815.0,Census 2011 PCA
India,State - CHANDIGARH (04),2011,population,9911.0,Census 2011 PCA
India,State - CHANDIGARH (04),2011,population,18245.0,Census 2011 PCA
India,State - CHANDIGARH (04),2011,population,12997.0,Census 2011 PCA
India,State - CHANDIGARH (04),2011,population,9598.0,Census 2011 PCA
India,State - CHANDIGARH (04),2011,population,11178.0,Census 2011 PCA
India,State - CHANDIGARH (04),2011,population,8334.0,Census 2011 PCA
India,State - CHANDIGARH (04),2011,population,14277.0,Census 2011 PCA
India,State - CHANDIGARH (04),2011,population,9710.0,Census 2011 PCA
India,State - CHANDIGARH (04),2011,population,8511.0,Census 2011 PCA
India,State - CHANDIGARH (04),2011,population,7249.0,Census 2011 PCA
India,State - CHANDIGARH (04),2011,population,7195.0,Census 2011 PCA
India,State - CHANDIGARH (04),2011,population,10404.0,Census 2011 PCA
India,State - CHANDIGARH (04),2011,population,8305.0,Census 2011 PCA
India,State - CHANDIGARH (04),2011,population,5615.0,Census 2011 PCA
India,State - CHANDIGARH (04),2011,population,6109.0,Census 2011 PCA
India,State - CHANDIGARH (04),2011,population,4492.0,Census 2011 PCA
India,State - CHANDIGARH (04),2011,population,8499.0,Census 2011 PCA
India,State - CHANDIGARH (04),2011,population,5344.0,Census 2011 PCA
India,State - CHANDIGARH (04),2011,population,4333.0,Census 2011 PCA
India,State - CHANDIGARH (04),2011,population,4262.0,Census 2011 PCA
India,State - CHANDIGARH (04),2011,population,3363.0,Census 2011 PCA
India,State - CHANDIGARH (04),2011,population,5276.0,Census 2011 PCA
India,State - CHANDIGARH (04),2011,population,3538.0,Census 2011 PCA
India,State - CHANDIGARH (04),2011,population,2319.0,Census 2011 PCA
India,State - CHANDIGARH (04),2011,population,2624.0,Census 2011 PCA
India,State - CHANDIGARH (04),2011,population,2082.0,Census 2011 PCA
India,State - CHANDIGARH (04),2011,population,4046.0,Census 2011 PCA
India,State - CHANDIGARH (04),2011,population,2531.0,Census 2011 PCA
India,State - CHANDIGARH (04),2011,population,1848.0,Census 2011 PCA
India,State - CHANDIGARH (04),2011,population,1475.0,Census 2011 PCA
India,State - CHANDIGARH (04),2011,population,1485.0,Census 2011 PCA
India,State - CHANDIGARH (04),2011,population,2201.0,Census 2011 PCA
India,State - CHANDIGARH (04),2011,population,1382.0,Census 2011 PCA
India,State - CHANDIGARH (04),2011,population,1039.0,Census 2011 PCA
India,State - CHANDIGARH (04),2011,population,983.0,Census 2011 PCA
India,State - CHANDIGARH (04),2011,population,817.0,Census 2011 PCA
India,State - CHANDIGARH (04),2011,population,1638.0,Census 2011 PCA
India,State - CHANDIGARH (04),2011,population,910.0,Census 2011 PCA
India,State - CHANDIGARH (04),2011,population,677.0,Census 2011 PCA
India,State - CHANDIGARH (04),2011,population,486.0,Census 2011 PCA
India,State - CHANDIGARH (04),2011,population,496.0,Census 2011 PCA
India,State - CHANDIGARH (04),2011,population,731.0,Census 2011 PCA
India,State - CHANDIGARH (04),2011,population,473.0,Census 2011 PCA
India,State - CHANDIGARH (04),2011,population,266.0,Census 2011 PCA
India,State - CHANDIGARH (04),2011,population,236.0,Census 2011 PCA
India,State - CHANDIGARH (04),2011,population,203.0,Census 2011 PCA
India,State - CHANDIGARH (04),2011,population,369.0,Census 2011 PCA
India,State - CHANDIGARH (04),2011,population,220.0,Census 2011 PCA
India,State - CHANDIGARH (04),2011,population,129.0,Census 2011 PCA
India,State - CHANDIGARH (04),2011,population,82.0,Census 2011 PCA
India,State - CHANDIGARH (04),2011,population,84.0,Census 2011 PCA
India,State - CHANDIGARH (04),2011,population,108.0,Census 2011 PCA
India,State - CHANDIGARH (04),2011,population,101.0,Census 2011 PCA
India,State - CHANDIGARH (04),2011,population,52.0,Census 2011 PCA
India,State - CHANDIGARH (04),2011,population,73.0,Census 2011 PCA
India,State - CHANDIGARH (04),2011,population,44.0,Census 2011 PCA
India,State - CHANDIGARH (04),2011,population,253.0,Census 2011 PCA
India,State - CHANDIGARH (04),2011,population,346.0,Census 2011 PCA
India,State - UTTARAKHAND (05),2011,population,10086292.0,Census 2011 PCA
India,State - UTTARAKHAND (05),2011,population,172766.0,Census 2011 PCA
India,State - UTTARAKHAND (05),2011,population,177018.0,Census 2011 PCA
India,State - UTTARAKHAND (05),2011,population,184772.0,Census 2011 PCA
India,State - UTTARAKHAND (05),2011,population,193915.0,Census 2011 PCA
India,State - UTTARAKHAND (05),2011,population,196393.0,Census 2011 PCA
India,State - UTTARAKHAND (05),2011,population,218067.0,Census 2011 PCA
India,State - UTTARAKHAND (05),2011,population,212883.0,Census 2011 PCA
India,State - UTTARAKHAND (05),2011,population,210340.0,Census 2011 PCA
India,State - UTTARAKHAND (05),2011,population,216896.0,Census 2011 PCA
India,State - UTTARAKHAND (05),2011,population,200615.0,Census 2011 PCA
India,State - UTTARAKHAND (05),2011,population,250302.0,Census 2011 PCA
India,State - UTTARAKHAND (05),2011,population,215036.0,Census 2011 PCA
India,State - UTTARAKHAND (05),2011,population,236362.0,Census 2011 PCA
India,State - UTTARAKHAND (05),2011,population,214935.0,Census 2011 PCA
India,State - UTTARAKHAND (05),2011,population,228708.0,Census 2011 PCA
India,State - UTTARAKHAND (05),2011,population,233790.0,Census 2011 PCA
India,State - UTTARAKHAND (05),2011,population,230111.0,Census 2011 PCA
India,State - UTTARAKHAND (05),2011,population,207201.0,Census 2011 PCA
India,State - UTTARAKHAND (05),2011,population,254384.0,Census 2011 PCA
India,State - UTTARAKHAND (05),2011,population,198624.0,Census 2011 PCA
India,State - UTTARAKHAND (05),2011,population,238836.0,Census 2011 PCA
India,State - UTTARAKHAND (05),2011,population,184167.0,Census 2011 PCA
India,State - UTTARAKHAND (05),2011,population,205798.0,Census 2011 PCA
India,State - UTTARAKHAND (05),2011,population,165947.0,Census 2011 PCA
India,State - UTTARAKHAND (05),2011,population,175320.0,Census 2011 PCA
India,State - UTTARAKHAND (05),2011,population,208090.0,Census 2011 PCA
India,State - UTTARAKHAND (05),2011,population,168971.0,Census 2011 PCA
India,State - UTTARAKHAND (05),2011,population,137729.0,Census 2011 PCA
India,State - UTTARAKHAND (05),2011,population,176067.0,Census 2011 PCA
India,State - UTTARAKHAND (05),2011,population,119327.0,Census 2011 PCA
India,State - UTTARAKHAND (05),2011,population,224736.0,Census 2011 PCA
India,State - UTTARAKHAND (05),2011,population,109814.0,Census 2011 PCA
India,State - UTTARAKHAND (05),2011,population,144969.0,Census 2011 PCA
India,State - UTTARAKHAND (05),2011,population,103501.0,Census 2011 PCA
India,State - UTTARAKHAND (05),2011,population,115280.0,Census 2011 PCA
India,State - UTTARAKHAND (05),2011,population,212511.0,Census 2011 PCA
India,State - UTTARAKHAND (05),2011,population,129172.0,Census 2011 PCA
India,State - UTTARAKHAND (05),2011,population,95734.0,Census 2011 PCA
India,State - UTTARAKHAND (05),2011,population,137469.0,Census 2011 PCA
India,State - UTTARAKHAND (05),2011,population,90614.0,Census 2011 PCA
India,State - UTTARAKHAND (05),2011,population,213652.0,Census 2011 PCA
India,State - UTTARAKHAND (05),2011,population,89729.0,Census 2011 PCA
India,State - UTTARAKHAND (05),2011,population,110565.0,Census 2011 PCA
India,State - UTTARAKHAND (05),2011,population,73946.0,Census 2011 PCA
India,State - UTTARAKHAND (05),2011,population,78817.0,Census 2011 PCA
India,State - UTTARAKHAND (05),2011,population,179151.0,Census 2011 PCA
India,State - UTTARAKHAND (05),2011,population,89054.0,Census 2011 PCA
India,State - UTTARAKHAND (05),2011,population,65054.0,Census 2011 PCA
India,State - UTTARAKHAND (05),2011,population,94848.0,Census 2011 PCA
India,State - UTTARAKHAND (05),2011,population,61270.0,Census 2011 PCA
India,State - UTTARAKHAND (05),2011,population,160641.0,Census 2011 PCA
India,State - UTTARAKHAND (05),2011,population,63390.0,Census 2011 PCA
India,State - UTTARAKHAND (05),2011,population,68543.0,Census 2011 PCA
India,State - UTTARAKHAND (05),2011,population,48882.0,Census 2011 PCA
India,State - UTTARAKHAND (05),2011,population,55702.0,Census 2011 PCA
India,State - UTTARAKHAND (05),2011,population,118112.0,Census 2011 PCA
India,State - UTTARAKHAND (05),2011,population,59081.0,Census 2011 PCA
India,State - UTTARAKHAND (05),2011,population,40656.0,Census 2011 PCA
India,State - UTTARAKHAND (05),2011,population,56285.0,Census 2011 PCA
India,State - UTTARAKHAND (05),2011,population,44327.0,Census 2011 PCA
India,State - UTTARAKHAND (05),2011,population,141424.0,Census 2011 PCA
India,State - UTTARAKHAND (05),2011,population,53277.0,Census 2011 PCA
India,State - UTTARAKHAND (05),2011,population,57520.0,Census 2011 PCA
India,State - UTTARAKHAND (05),2011,population,38856.0,Census 2011 PCA
India,State - UTTARAKHAND (05),2011,population,37979.0,Census 2011 PCA
India,State - UTTARAKHAND (05),2011,population,99540.0,Census 2011 PCA
India,State - UTTARAKHAND (05),2011,population,39536.0,Census 2011 PCA
India,State - UTTARAKHAND (05),2011,population,23723.0,Census 2011 PCA
India,State - UTTARAKHAND (05),2011,population,31402.0,Census 2011 PCA
India,State - UTTARAKHAND (05),2011,population,24558.0,Census 2011 PCA
India,State - UTTARAKHAND (05),2011,population,84656.0,Census 2011 PCA
India,State - UTTARAKHAND (05),2011,population,26729.0,Census 2011 PCA
India,State - UTTARAKHAND (05),2011,population,22692.0,Census 2011 PCA
India,State - UTTARAKHAND (05),2011,population,13819.0,Census 2011 PCA
India,State - UTTARAKHAND (05),2011,population,15547.0,Census 2011 PCA
India,State - UTTARAKHAND (05),2011,population,39794.0,Census 2011 PCA
India,State - UTTARAKHAND (05),2011,population,16044.0,Census 2011 PCA
India,State - UTTARAKHAND (05),2011,population,8764.0,Census 2011 PCA
India,State - UTTARAKHAND (05),2011,population,11187.0,Census 2011 PCA
India,State - UTTARAKHAND (05),2011,population,8857.0,Census 2011 PCA
India,State - UTTARAKHAND (05),2011,population,32340.0,Census 2011 PCA
India,State - UTTARAKHAND (05),2011,population,9595.0,Census 2011 PCA
India,State - UTTARAKHAND (05),2011,population,6959.0,Census 2011 PCA
India,State - UTTARAKHAND (05),2011,population,4239.0,Census 2011 PCA
India,State - UTTARAKHAND (05),2011,population,4802.0,Census 2011 PCA
India,State - UTTARAKHAND (05),2011,population,11493.0,Census 2011 PCA
India,State - UTTARAKHAND (05),2011,population,4584.0,Census 2011 PCA
India,State - UTTARAKHAND (05),2011,population,2380.0,Census 2011 PCA
India,State - UTTARAKHAND (05),2011,population,2377.0,Census 2011 PCA
India,State - UTTARAKHAND (05),2011,population,1879.0,Census 2011 PCA
India,State - UTTARAKHAND (05),2011,population,6419.0,Census 2011 PCA
India,State - UTTARAKHAND (05),2011,population,2479.0,Census 2011 PCA
India,State - UTTARAKHAND (05),2011,population,1596.0,Census 2011 PCA
India,State - UTTARAKHAND (05),2011,population,898.0,Census 2011 PCA
India,State - UTTARAKHAND (05),2011,population,1058.0,Census 2011 PCA
India,State - UTTARAKHAND (05),2011,population,2246.0,Census 2011 PCA
India,State - UTTARAKHAND (05),2011,population,1153.0,Census 2011 PCA
India,State - UTTARAKHAND (05),2011,population,717.0,Census 2011 PCA
India,State - UTTARAKHAND (05),2011,population,907.0,Census 2011 PCA
India,State - UTTARAKHAND (05),2011,population,614.0,Census 2011 PCA
India,State - UTTARAKHAND (05),2011,population,6170.0,Census 2011 PCA
India,State - UTTARAKHAND (05),2011,population,16608.0,Census 2011 PCA
India,State - HARYANA (06),2011,population,25351462.0,Census 2011 PCA
India,State - HARYANA (06),2011,population,466734.0,Census 2011 PCA
India,State - HARYANA (06),2011,population,468526.0,Census 2011 PCA
India,State - HARYANA (06),2011,population,474646.0,Census 2011 PCA
India,State - HARYANA (06),2011,population,477000.0,Census 2011 PCA
India,State - HARYANA (06),2011,population,475613.0,Census 2011 PCA
India,State - HARYANA (06),2011,population,519990.0,Census 2011 PCA
India,State - HARYANA (06),2011,population,498212.0,Census 2011 PCA
India,State - HARYANA (06),2011,population,497749.0,Census 2011 PCA
India,State - HARYANA (06),2011,population,513907.0,Census 2011 PCA
India,State - HARYANA (06),2011,population,468899.0,Census 2011 PCA
India,State - HARYANA (06),2011,population,573702.0,Census 2011 PCA
India,State - HARYANA (06),2011,population,506884.0,Census 2011 PCA
India,State - HARYANA (06),2011,population,550890.0,Census 2011 PCA
India,State - HARYANA (06),2011,population,508706.0,Census 2011 PCA
India,State - HARYANA (06),2011,population,528496.0,Census 2011 PCA
India,State - HARYANA (06),2011,population,553727.0,Census 2011 PCA
India,State - HARYANA (06),2011,population,545635.0,Census 2011 PCA
India,State - HARYANA (06),2011,population,490393.0,Census 2011 PCA
India,State - HARYANA (06),2011,population,607791.0,Census 2011 PCA
India,State - HARYANA (06),2011,population,479844.0,Census 2011 PCA
India,State - HARYANA (06),2011,population,614449.0,Census 2011 PCA
India,State - HARYANA (06),2011,population,484572.0,Census 2011 PCA
India,State - HARYANA (06),2011,population,535670.0,Census 2011 PCA
India,State - HARYANA (06),2011,population,461656.0,Census 2011 PCA
India,State - HARYANA (06),2011,population,471139.0,Census 2011 PCA
India,State - HARYANA (06),2011,population,568971.0,Census 2011 PCA
India,State - HARYANA (06),2011,population,473539.0,Census 2011 PCA
India,State - HARYANA (06),2011,population,383320.0,Census 2011 PCA
India,State - HARYANA (06),2011,population,497051.0,Census 2011 PCA
India,State - HARYANA (06),2011,population,309078.0,Census 2011 PCA
India,State - HARYANA (06),2011,population,599403.0,Census 2011 PCA
India,State - HARYANA (06),2011,population,293639.0,Census 2011 PCA
India,State - HARYANA (06),2011,population,398901.0,Census 2011 PCA
India,State - HARYANA (06),2011,population,295496.0,Census 2011 PCA
India,State - HARYANA (06),2011,population,306152.0,Census 2011 PCA
India,State - HARYANA (06),2011,population,554447.0,Census 2011 PCA
India,State - HARYANA (06),2011,population,342705.0,Census 2011 PCA
India,State - HARYANA (06),2011,population,255028.0,Census 2011 PCA
India,State - HARYANA (06),2011,population,383744.0,Census 2011 PCA
India,State - HARYANA (06),2011,population,225939.0,Census 2011 PCA
India,State - HARYANA (06),2011,population,562005.0,Census 2011 PCA
India,State - HARYANA (06),2011,population,231401.0,Census 2011 PCA
India,State - HARYANA (06),2011,population,304442.0,Census 2011 PCA
India,State - HARYANA (06),2011,population,212931.0,Census 2011 PCA
India,State - HARYANA (06),2011,population,195171.0,Census 2011 PCA
India,State - HARYANA (06),2011,population,460362.0,Census 2011 PCA
India,State - HARYANA (06),2011,population,227824.0,Census 2011 PCA
India,State - HARYANA (06),2011,population,163889.0,Census 2011 PCA
India,State - HARYANA (06),2011,population,249969.0,Census 2011 PCA
India,State - HARYANA (06),2011,population,139770.0,Census 2011 PCA
India,State - HARYANA (06),2011,population,404314.0,Census 2011 PCA
India,State - HARYANA (06),2011,population,146510.0,Census 2011 PCA
India,State - HARYANA (06),2011,population,169102.0,Census 2011 PCA
India,State - HARYANA (06),2011,population,124375.0,Census 2011 PCA
India,State - HARYANA (06),2011,population,120927.0,Census 2011 PCA
India,State - HARYANA (06),2011,population,273371.0,Census 2011 PCA
India,State - HARYANA (06),2011,population,141379.0,Census 2011 PCA
India,State - HARYANA (06),2011,population,92984.0,Census 2011 PCA
India,State - HARYANA (06),2011,population,150181.0,Census 2011 PCA
India,State - HARYANA (06),2011,population,93023.0,Census 2011 PCA
India,State - HARYANA (06),2011,population,344384.0,Census 2011 PCA
India,State - HARYANA (06),2011,population,135961.0,Census 2011 PCA
India,State - HARYANA (06),2011,population,162539.0,Census 2011 PCA
India,State - HARYANA (06),2011,population,115662.0,Census 2011 PCA
India,State - HARYANA (06),2011,population,85803.0,Census 2011 PCA
India,State - HARYANA (06),2011,population,242107.0,Census 2011 PCA
India,State - HARYANA (06),2011,population,88333.0,Census 2011 PCA
India,State - HARYANA (06),2011,population,51495.0,Census 2011 PCA
India,State - HARYANA (06),2011,population,77022.0,Census 2011 PCA
India,State - HARYANA (06),2011,population,45482.0,Census 2011 PCA
India,State - HARYANA (06),2011,population,205764.0,Census 2011 PCA
India,State - HARYANA (06),2011,population,58886.0,Census 2011 PCA
India,State - HARYANA (06),2011,population,50949.0,Census 2011 PCA
India,State - HARYANA (06),2011,population,30863.0,Census 2011 PCA
India,State - HARYANA (06),2011,population,27699.0,Census 2011 PCA
India,State - HARYANA (06),2011,population,99155.0,Census 2011 PCA
India,State - HARYANA (06),2011,population,35249.0,Census 2011 PCA
India,State - HARYANA (06),2011,population,18195.0,Census 2011 PCA
India,State - HARYANA (06),2011,population,26872.0,Census 2011 PCA
India,State - HARYANA (06),2011,population,16746.0,Census 2011 PCA
India,State - HARYANA (06),2011,population,91038.0,Census 2011 PCA
India,State - HARYANA (06),2011,population,25160.0,Census 2011 PCA
India,State - HARYANA (06),2011,population,17050.0,Census 2011 PCA
India,State - HARYANA (06),2011,population,10292.0,Census 2011 PCA
India,State - HARYANA (06),2011,population,8855.0,Census 2011 PCA
India,State - HARYANA (06),2011,population,33341.0,Census 2011 PCA
India,State - HARYANA (06),2011,population,11483.0,Census 2011 PCA
India,State - HARYANA (06),2011,population,5208.0,Census 2011 PCA
India,State - HARYANA (06),2011,population,6257.0,Census 2011 PCA
India,State - HARYANA (06),2011,population,4206.0,Census 2011 PCA
India,State - HARYANA (06),2011,population,22024.0,Census 2011 PCA
India,State - HARYANA (06),2011,population,6039.0,Census 2011 PCA
India,State - HARYANA (06),2011,population,3964.0,Census 2011 PCA
India,State - HARYANA (06),2011,population,2538.0,Census 2011 PCA
India,State - HARYANA (06),2011,population,2293.0,Census 2011 PCA
India,State - HARYANA (06),2011,population,6283.0,Census 2011 PCA
India,State - HARYANA (06),2011,population,2774.0,Census 2011 PCA
India,State - HARYANA (06),2011,population,1552.0,Census 2011 PCA
India,State - HARYANA (06),2011,population,2242.0,Census 2011 PCA
India,State - HARYANA (06),2011,population,1460.0,Census 2011 PCA
India,State - HARYANA (06),2011,population,10530.0,Census 2011 PCA
India,State - HARYANA (06),2011,population,31534.0,Census 2011 PCA
India,State - NCT OF DELHI (07),2011,population,16787941.0,Census 2011 PCA
India,State - NCT OF DELHI (07),2011,population,254697.0,Census 2011 PCA
India,State - NCT OF DELHI (07),2011,population,271648.0,Census 2011 PCA
India,State - NCT OF DELHI (07),2011,population,281664.0,Census 2011 PCA
India,State - NCT OF DELHI (07),2011,population,285599.0,Census 2011 PCA
India,State - NCT OF DELHI (07),2011,population,287592.0,Census 2011 PCA
India,State - NCT OF DELHI (07),2011,population,322952.0,Census 2011 PCA
India,State - NCT OF DELHI (07),2011,population,308302.0,Census 2011 PCA
India,State - NCT OF DELHI (07),2011,population,306299.0,Census 2011 PCA
India,State - NCT OF DELHI (07),2011,population,308389.0,Census 2011 PCA
India,State - NCT OF DELHI (07),2011,population,290030.0,Census 2011 PCA
India,State - NCT OF DELHI (07),2011,population,363540.0,Census 2011 PCA
India,State - NCT OF DELHI (07),2011,population,313738.0,Census 2011 PCA
India,State - NCT OF DELHI (07),2011,population,335583.0,Census 2011 PCA
India,State - NCT OF DELHI (07),2011,population,310246.0,Census 2011 PCA
India,State - NCT OF DELHI (07),2011,population,325040.0,Census 2011 PCA
India,State - NCT OF DELHI (07),2011,population,334622.0,Census 2011 PCA
India,State - NCT OF DELHI (07),2011,population,327551.0,Census 2011 PCA
India,State - NCT OF DELHI (07),2011,population,309686.0,Census 2011 PCA
India,State - NCT OF DELHI (07),2011,population,384172.0,Census 2011 PCA
India,State - NCT OF DELHI (07),2011,population,311344.0,Census 2011 PCA
India,State - NCT OF DELHI (07),2011,population,398344.0,Census 2011 PCA
India,State - NCT OF DELHI (07),2011,population,328287.0,Census 2011 PCA
India,State - NCT OF DELHI (07),2011,population,374251.0,Census 2011 PCA
India,State - NCT OF DELHI (07),2011,population,322571.0,Census 2011 PCA
India,State - NCT OF DELHI (07),2011,population,340607.0,Census 2011 PCA
India,State - NCT OF DELHI (07),2011,population,411939.0,Census 2011 PCA
India,State - NCT OF DELHI (07),2011,population,356500.0,Census 2011 PCA
India,State - NCT OF DELHI (07),2011,population,294983.0,Census 2011 PCA
India,State - NCT OF DELHI (07),2011,population,362153.0,Census 2011 PCA
India,State - NCT OF DELHI (07),2011,population,242751.0,Census 2011 PCA
India,State - NCT OF DELHI (07),2011,population,444290.0,Census 2011 PCA
India,State - NCT OF DELHI (07),2011,population,237400.0,Census 2011 PCA
India,State - NCT OF DELHI (07),2011,population,304453.0,Census 2011 PCA
India,State - NCT OF DELHI (07),2011,population,214917.0,Census 2011 PCA
India,State - NCT OF DELHI (07),2011,population,233639.0,Census 2011 PCA
India,State - NCT OF DELHI (07),2011,population,410699.0,Census 2011 PCA
India,State - NCT OF DELHI (07),2011,population,258025.0,Census 2011 PCA
India,State - NCT OF DELHI (07),2011,population,200353.0,Census 2011 PCA
India,State - NCT OF DELHI (07),2011,population,270093.0,Census 2011 PCA
India,State - NCT OF DELHI (07),2011,population,180074.0,Census 2011 PCA
India,State - NCT OF DELHI (07),2011,population,384411.0,Census 2011 PCA
India,State - NCT OF DELHI (07),2011,population,186329.0,Census 2011 PCA
India,State - NCT OF DELHI (07),2011,population,220251.0,Census 2011 PCA
India,State - NCT OF DELHI (07),2011,population,154663.0,Census 2011 PCA
India,State - NCT OF DELHI (07),2011,population,151543.0,Census 2011 PCA
India,State - NCT OF DELHI (07),2011,population,312944.0,Census 2011 PCA
India,State - NCT OF DELHI (07),2011,population,176021.0,Census 2011 PCA
India,State - NCT OF DELHI (07),2011,population,133935.0,Census 2011 PCA
India,State - NCT OF DELHI (07),2011,population,173787.0,Census 2011 PCA
India,State - NCT OF DELHI (07),2011,population,114526.0,Census 2011 PCA
India,State - NCT OF DELHI (07),2011,population,249792.0,Census 2011 PCA
India,State - NCT OF DELHI (07),2011,population,117880.0,Census 2011 PCA
India,State - NCT OF DELHI (07),2011,population,123780.0,Census 2011 PCA
India,State - NCT OF DELHI (07),2011,population,97002.0,Census 2011 PCA
India,State - NCT OF DELHI (07),2011,population,99015.0,Census 2011 PCA
India,State - NCT OF DELHI (07),2011,population,171408.0,Census 2011 PCA
India,State - NCT OF DELHI (07),2011,population,102959.0,Census 2011 PCA
India,State - NCT OF DELHI (07),2011,population,74115.0,Census 2011 PCA
India,State - NCT OF DELHI (07),2011,population,92058.0,Census 2011 PCA
India,State - NCT OF DELHI (07),2011,population,68352.0,Census 2011 PCA
India,State - NCT OF DELHI (07),2011,population,181998.0,Census 2011 PCA
India,State - NCT OF DELHI (07),2011,population,82653.0,Census 2011 PCA
India,State - NCT OF DELHI (07),2011,population,84901.0,Census 2011 PCA
India,State - NCT OF DELHI (07),2011,population,67873.0,Census 2011 PCA
India,State - NCT OF DELHI (07),2011,population,54594.0,Census 2011 PCA
India,State - NCT OF DELHI (07),2011,population,109926.0,Census 2011 PCA
India,State - NCT OF DELHI (07),2011,population,52847.0,Census 2011 PCA
India,State - NCT OF DELHI (07),2011,population,35778.0,Census 2011 PCA
India,State - NCT OF DELHI (07),2011,population,43455.0,Census 2011 PCA
India,State - NCT OF DELHI (07),2011,population,30446.0,Census 2011 PCA
India,State - NCT OF DELHI (07),2011,population,81809.0,Census 2011 PCA
India,State - NCT OF DELHI (07),2011,population,35350.0,Census 2011 PCA
India,State - NCT OF DELHI (07),2011,population,29392.0,Census 2011 PCA
India,State - NCT OF DELHI (07),2011,population,21681.0,Census 2011 PCA
India,State - NCT OF DELHI (07),2011,population,21018.0,Census 2011 PCA
India,State - NCT OF DELHI (07),2011,population,41458.0,Census 2011 PCA
India,State - NCT OF DELHI (07),2011,population,21286.0,Census 2011 PCA
India,State - NCT OF DELHI (07),2011,population,12940.0,Census 2011 PCA
India,State - NCT OF DELHI (07),2011,population,14576.0,Census 2011 PCA
India,State - NCT OF DELHI (07),2011,population,10433.0,Census 2011 PCA
India,State - NCT OF DELHI (07),2011,population,30342.0,Census 2011 PCA
India,State - NCT OF DELHI (07),2011,population,12373.0,Census 2011 PCA
India,State - NCT OF DELHI (07),2011,population,8505.0,Census 2011 PCA
India,State - NCT OF DELHI (07),2011,population,6205.0,Census 2011 PCA
India,State - NCT OF DELHI (07),2011,population,5603.0,Census 2011 PCA
India,State - NCT OF DELHI (07),2011,population,12145.0,Census 2011 PCA
India,State - NCT OF DELHI (07),2011,population,5738.0,Census 2011 PCA
India,State - NCT OF DELHI (07),2011,population,3299.0,Census 2011 PCA
India,State - NCT OF DELHI (07),2011,population,2795.0,Census 2011 PCA
India,State - NCT OF DELHI (07),2011,population,2038.0,Census 2011 PCA
India,State - NCT OF DELHI (07),2011,population,6190.0,Census 2011 PCA
India,State - NCT OF DELHI (07),2011,population,2954.0,Census 2011 PCA
India,State - NCT OF DELHI (07),2011,population,2048.0,Census 2011 PCA
India,State - NCT OF DELHI (07),2011,population,1311.0,Census 2011 PCA
India,State - NCT OF DELHI (07),2011,population,1269.0,Census 2011 PCA
India,State - NCT OF DELHI (07),2011,population,2336.0,Census 2011 PCA
India,State - NCT OF DELHI (07),2011,population,1509.0,Census 2011 PCA
India,State - NCT OF DELHI (07),2011,population,907.0,Census 2011 PCA
India,State - NCT OF DELHI (07),2011,population,985.0,Census 2011 PCA
India,State - NCT OF DELHI (07),2011,population,541.0,Census 2011 PCA
India,State - NCT OF DELHI (07),2011,population,3938.0,Census 2011 PCA
India,State - NCT OF DELHI (07),2011,population,16702.0,Census 2011 PCA
India,State - RAJASTHAN (08),2011,population,68548437.0,Census 2011 PCA
India,State - RAJASTHAN (08),2011,population,1357306.0,Census 2011 PCA
India,State - RAJASTHAN (08),2011,population,1369950.0,Census 2011 PCA
India,State - RAJASTHAN (08),2011,population,1547358.0,Census 2011 PCA
India,State - RAJASTHAN (08),2011,population,1528130.0,Census 2011 PCA
India,State - RAJASTHAN (08),2011,population,1499426.0,Census 2011 PCA
India,State - RAJASTHAN (08),2011,population,1706688.0,Census 2011 PCA
India,State - RAJASTHAN (08),2011,population,1640646.0,Census 2011 PCA
India,State - RAJASTHAN (08),2011,population,1523671.0,Census 2011 PCA
India,State - RAJASTHAN (08),2011,population,1767805.0,Census 2011 PCA
India,State - RAJASTHAN (08),2011,population,1403928.0,Census 2011 PCA
India,State - RAJASTHAN (08),2011,population,1973335.0,Census 2011 PCA
India,State - RAJASTHAN (08),2011,population,1520709.0,Census 2011 PCA
India,State - RAJASTHAN (08),2011,population,1799936.0,Census 2011 PCA
India,State - RAJASTHAN (08),2011,population,1523295.0,Census 2011 PCA
India,State - RAJASTHAN (08),2011,population,1563243.0,Census 2011 PCA
India,State - RAJASTHAN (08),2011,population,1619644.0,Census 2011 PCA
India,State - RAJASTHAN (08),2011,population,1555943.0,Census 2011 PCA
India,State - RAJASTHAN (08),2011,population,1235765.0,Census 2011 PCA
India,State - RAJASTHAN (08),2011,population,1757598.0,Census 2011 PCA
India,State - RAJASTHAN (08),2011,population,1145067.0,Census 2011 PCA
India,State - RAJASTHAN (08),2011,population,1791141.0,Census 2011 PCA
India,State - RAJASTHAN (08),2011,population,1114169.0,Census 2011 PCA
India,State - RAJASTHAN (08),2011,population,1385403.0,Census 2011 PCA
India,State - RAJASTHAN (08),2011,population,1074210.0,Census 2011 PCA
India,State - RAJASTHAN (08),2011,population,1061571.0,Census 2011 PCA
India,State - RAJASTHAN (08),2011,population,1564127.0,Census 2011 PCA
India,State - RAJASTHAN (08),2011,population,1039906.0,Census 2011 PCA
India,State - RAJASTHAN (08),2011,population,829737.0,Census 2011 PCA
India,State - RAJASTHAN (08),2011,population,1259430.0,Census 2011 PCA
India,State - RAJASTHAN (08),2011,population,655297.0,Census 2011 PCA
India,State - RAJASTHAN (08),2011,population,1713925.0,Census 2011 PCA
India,State - RAJASTHAN (08),2011,population,630922.0,Census 2011 PCA
India,State - RAJASTHAN (08),2011,population,994181.0,Census 2011 PCA
India,State - RAJASTHAN (08),2011,population,697686.0,Census 2011 PCA
India,State - RAJASTHAN (08),2011,population,685969.0,Census 2011 PCA
India,State - RAJASTHAN (08),2011,population,1498081.0,Census 2011 PCA
India,State - RAJASTHAN (08),2011,population,775195.0,Census 2011 PCA
India,State - RAJASTHAN (08),2011,population,557122.0,Census 2011 PCA
India,State - RAJASTHAN (08),2011,population,1005675.0,Census 2011 PCA
India,State - RAJASTHAN (08),2011,population,498491.0,Census 2011 PCA
India,State - RAJASTHAN (08),2011,population,1542695.0,Census 2011 PCA
India,State - RAJASTHAN (08),2011,population,499225.0,Census 2011 PCA
India,State - RAJASTHAN (08),2011,population,745048.0,Census 2011 PCA
India,State - RAJASTHAN (08),2011,population,500002.0,Census 2011 PCA
India,State - RAJASTHAN (08),2011,population,448385.0,Census 2011 PCA
India,State - RAJASTHAN (08),2011,population,1258366.0,Census 2011 PCA
India,State - RAJASTHAN (08),2011,population,512148.0,Census 2011 PCA
India,State - RAJASTHAN (08),2011,population,379713.0,Census 2011 PCA
India,State - RAJASTHAN (08),2011,population,670726.0,Census 2011 PCA
India,State - RAJASTHAN (08),2011,population,324451.0,Census 2011 PCA
India,State - RAJASTHAN (08),2011,population,1192020.0,Census 2011 PCA
India,State - RAJASTHAN (08),2011,population,340225.0,Census 2011 PCA
India,State - RAJASTHAN (08),2011,population,422944.0,Census 2011 PCA
India,State - RAJASTHAN (08),2011,population,288568.0,Census 2011 PCA
India,State - RAJASTHAN (08),2011,population,273051.0,Census 2011 PCA
India,State - RAJASTHAN (08),2011,population,818593.0,Census 2011 PCA
India,State - RAJASTHAN (08),2011,population,311133.0,Census 2011 PCA
India,State - RAJASTHAN (08),2011,population,207009.0,Census 2011 PCA
India,State - RAJASTHAN (08),2011,population,365938.0,Census 2011 PCA
India,State - RAJASTHAN (08),2011,population,194776.0,Census 2011 PCA
India,State - RAJASTHAN (08),2011,population,914904.0,Census 2011 PCA
India,State - RAJASTHAN (08),2011,population,239423.0,Census 2011 PCA
India,State - RAJASTHAN (08),2011,population,275959.0,Census 2011 PCA
India,State - RAJASTHAN (08),2011,population,183653.0,Census 2011 PCA
India,State - RAJASTHAN (08),2011,population,156200.0,Census 2011 PCA
India,State - RAJASTHAN (08),2011,population,650736.0,Census 2011 PCA
India,State - RAJASTHAN (08),2011,population,194217.0,Census 2011 PCA
India,State - RAJASTHAN (08),2011,population,115532.0,Census 2011 PCA
India,State - RAJASTHAN (08),2011,population,194095.0,Census 2011 PCA
India,State - RAJASTHAN (08),2011,population,105796.0,Census 2011 PCA
India,State - RAJASTHAN (08),2011,population,624121.0,Census 2011 PCA
India,State - RAJASTHAN (08),2011,population,139666.0,Census 2011 PCA
India,State - RAJASTHAN (08),2011,population,124555.0,Census 2011 PCA
India,State - RAJASTHAN (08),2011,population,66610.0,Census 2011 PCA
India,State - RAJASTHAN (08),2011,population,61963.0,Census 2011 PCA
India,State - RAJASTHAN (08),2011,population,264908.0,Census 2011 PCA
India,State - RAJASTHAN (08),2011,population,76499.0,Census 2011 PCA
India,State - RAJASTHAN (08),2011,population,39152.0,Census 2011 PCA
India,State - RAJASTHAN (08),2011,population,60603.0,Census 2011 PCA
India,State - RAJASTHAN (08),2011,population,36493.0,Census 2011 PCA
India,State - RAJASTHAN (08),2011,population,231989.0,Census 2011 PCA
India,State - RAJASTHAN (08),2011,population,48749.0,Census 2011 PCA
India,State - RAJASTHAN (08),2011,population,32299.0,Census 2011 PCA
India,State - RAJASTHAN (08),2011,population,17699.0,Census 2011 PCA
India,State - RAJASTHAN (08),2011,population,16869.0,Census 2011 PCA
India,State - RAJASTHAN (08),2011,population,70928.0,Census 2011 PCA
India,State - RAJASTHAN (08),2011,population,19720.0,Census 2011 PCA
India,State - RAJASTHAN (08),2011,population,9368.0,Census 2011 PCA
India,State - RAJASTHAN (08),2011,population,10933.0,Census 2011 PCA
India,State - RAJASTHAN (08),2011,population,7728.0,Census 2011 PCA
India,State - RAJASTHAN (08),2011,population,45372.0,Census 2011 PCA
India,State - RAJASTHAN (08),2011,population,10516.0,Census 2011 PCA
India,State - RAJASTHAN (08),2011,population,6907.0,Census 2011 PCA
India,State - RAJASTHAN (08),2011,population,4011.0,Census 2011 PCA
India,State - RAJASTHAN (08),2011,population,4137.0,Census 2011 PCA
India,State - RAJASTHAN (08),2011,population,13422.0,Census 2011 PCA
India,State - RAJASTHAN (08),2011,population,5034.0,Census 2011 PCA
India,State - RAJASTHAN (08),2011,population,2951.0,Census 2011 PCA
India,State - RAJASTHAN (08),2011,population,5214.0,Census 2011 PCA
India,State - RAJASTHAN (08),2011,population,2588.0,Census 2011 PCA
India,State - RAJASTHAN (08),2011,population,20619.0,Census 2011 PCA
India,State - RAJASTHAN (08),2011,population,269602.0,Census 2011 PCA
India,State - UTTAR PRADESH (09),2011,population,199812341.0,Census 2011 PCA
India,State - UTTAR PRADESH (09),2011,population,3500559.0,Census 2011 PCA
India,State - UTTAR PRADESH (09),2011,population,3638740.0,Census 2011 PCA
India,State - UTTAR PRADESH (09),2011,population,4191583.0,Census 2011 PCA
India,State - UTTAR PRADESH (09),2011,population,4546132.0,Census 2011 PCA
India,State - UTTAR PRADESH (09),2011,population,4499654.0,Census 2011 PCA
India,State - UTTAR PRADESH (09),2011,population,5264093.0,Census 2011 PCA
India,State - UTTAR PRADESH (09),2011,population,5150570.0,Census 2011 PCA
India,State - UTTAR PRADESH (09),2011,population,4783808.0,Census 2011 PCA
India,State - UTTAR PRADESH (09),2011,population,5514540.0,Census 2011 PCA
India,State - UTTAR PRADESH (09),2011,population,4348706.0,Census 2011 PCA
India,State - UTTAR PRADESH (09),2011,population,6347278.0,Census 2011 PCA
India,State - UTTAR PRADESH (09),2011,population,4559292.0,Census 2011 PCA
India,State - UTTAR PRADESH (09),2011,population,5559995.0,Census 2011 PCA
India,State - UTTAR PRADESH (09),2011,population,4432612.0,Census 2011 PCA
India,State - UTTAR PRADESH (09),2011,population,4970704.0,Census 2011 PCA
India,State - UTTAR PRADESH (09),2011,population,5187609.0,Census 2011 PCA
India,State - UTTAR PRADESH (09),2011,population,4953132.0,Census 2011 PCA
India,State - UTTAR PRADESH (09),2011,population,3885778.0,Census 2011 PCA
India,State - UTTAR PRADESH (09),2011,population,5594440.0,Census 2011 PCA
India,State - UTTAR PRADESH (09),2011,population,3419421.0,Census 2011 PCA
India,State - UTTAR PRADESH (09),2011,population,5252299.0,Census 2011 PCA
India,State - UTTAR PRADESH (09),2011,population,3002733.0,Census 2011 PCA
India,State - UTTAR PRADESH (09),2011,population,3743560.0,Census 2011 PCA
India,State - UTTAR PRADESH (09),2011,population,2705878.0,Census 2011 PCA
India,State - UTTAR PRADESH (09),2011,population,2874178.0,Census 2011 PCA
India,State - UTTAR PRADESH (09),2011,population,4274936.0,Census 2011 PCA
India,State - UTTAR PRADESH (09),2011,population,2751552.0,Census 2011 PCA
India,State - UTTAR PRADESH (09),2011,population,2059085.0,Census 2011 PCA
India,State - UTTAR PRADESH (09),2011,population,3545451.0,Census 2011 PCA
India,State - UTTAR PRADESH (09),2011,population,1948805.0,Census 2011 PCA
India,State - UTTAR PRADESH (09),2011,population,4866714.0,Census 2011 PCA
India,State - UTTAR PRADESH (09),2011,population,1740763.0,Census 2011 PCA
India,State - UTTAR PRADESH (09),2011,population,2685358.0,Census 2011 PCA
India,State - UTTAR PRADESH (09),2011,population,1759434.0,Census 2011 PCA
India,State - UTTAR PRADESH (09),2011,population,1902413.0,Census 2011 PCA
India,State - UTTAR PRADESH (09),2011,population,4540365.0,Census 2011 PCA
India,State - UTTAR PRADESH (09),2011,population,2187571.0,Census 2011 PCA
India,State - UTTAR PRADESH (09),2011,population,1420791.0,Census 2011 PCA
India,State - UTTAR PRADESH (09),2011,population,2845755.0,Census 2011 PCA
India,State - UTTAR PRADESH (09),2011,population,1561740.0,Census 2011 PCA
India,State - UTTAR PRADESH (09),2011,population,4605934.0,Census 2011 PCA
India,State - UTTAR PRADESH (09),2011,population,1441533.0,Census 2011 PCA
India,State - UTTAR PRADESH (09),2011,population,1814414.0,Census 2011 PCA
India,State - UTTAR PRADESH (09),2011,population,1167675.0,Census 2011 PCA
India,State - UTTAR PRADESH (09),2011,population,1201846.0,Census 2011 PCA
India,State - UTTAR PRADESH (09),2011,population,3580709.0,Census 2011 PCA
India,State - UTTAR PRADESH (09),2011,population,1339212.0,Census 2011 PCA
India,State - UTTAR PRADESH (09),2011,population,841133.0,Census 2011 PCA
India,State - UTTAR PRADESH (09),2011,population,1714346.0,Census 2011 PCA
India,State - UTTAR PRADESH (09),2011,population,974377.0,Census 2011 PCA
India,State - UTTAR PRADESH (09),2011,population,3279901.0,Census 2011 PCA
India,State - UTTAR PRADESH (09),2011,population,948369.0,Census 2011 PCA
India,State - UTTAR PRADESH (09),2011,population,939310.0,Census 2011 PCA
India,State - UTTAR PRADESH (09),2011,population,655062.0,Census 2011 PCA
India,State - UTTAR PRADESH (09),2011,population,764381.0,Census 2011 PCA
India,State - UTTAR PRADESH (09),2011,population,2316157.0,Census 2011 PCA
India,State - UTTAR PRADESH (09),2011,population,862274.0,Census 2011 PCA
India,State - UTTAR PRADESH (09),2011,population,514316.0,Census 2011 PCA
India,State - UTTAR PRADESH (09),2011,population,1041541.0,Census 2011 PCA
India,State - UTTAR PRADESH (09),2011,population,729858.0,Census 2011 PCA
India,State - UTTAR PRADESH (09),2011,population,2919867.0,Census 2011 PCA
India,State - UTTAR PRADESH (09),2011,population,843860.0,Census 2011 PCA
India,State - UTTAR PRADESH (09),2011,population,856982.0,Census 2011 PCA
India,State - UTTAR PRADESH (09),2011,population,528476.0,Census 2011 PCA
India,State - UTTAR PRADESH (09),2011,population,556006.0,Census 2011 PCA
India,State - UTTAR PRADESH (09),2011,population,2059446.0,Census 2011 PCA
India,State - UTTAR PRADESH (09),2011,population,582601.0,Census 2011 PCA
India,State - UTTAR PRADESH (09),2011,population,274768.0,Census 2011 PCA
India,State - UTTAR PRADESH (09),2011,population,526338.0,Census 2011 PCA
India,State - UTTAR PRADESH (09),2011,population,396816.0,Census 2011 PCA
India,State - UTTAR PRADESH (09),2011,population,1798139.0,Census 2011 PCA
India,State - UTTAR PRADESH (09),2011,population,430932.0,Census 2011 PCA
India,State - UTTAR PRADESH (09),2011,population,273471.0,Census 2011 PCA
India,State - UTTAR PRADESH (09),2011,population,148902.0,Census 2011 PCA
India,State - UTTAR PRADESH (09),2011,population,180924.0,Census 2011 PCA
India,State - UTTAR PRADESH (09),2011,population,710704.0,Census 2011 PCA
India,State - UTTAR PRADESH (09),2011,population,200192.0,Census 2011 PCA
India,State - UTTAR PRADESH (09),2011,population,80347.0,Census 2011 PCA
India,State - UTTAR PRADESH (09),2011,population,137109.0,Census 2011 PCA
India,State - UTTAR PRADESH (09),2011,population,121540.0,Census 2011 PCA
India,State - UTTAR PRADESH (09),2011,population,616222.0,Census 2011 PCA
India,State - UTTAR PRADESH (09),2011,population,143828.0,Census 2011 PCA
India,State - UTTAR PRADESH (09),2011,population,69694.0,Census 2011 PCA
India,State - UTTAR PRADESH (09),2011,population,40558.0,Census 2011 PCA
India,State - UTTAR PRADESH (09),2011,population,52254.0,Census 2011 PCA
India,State - UTTAR PRADESH (09),2011,population,190724.0,Census 2011 PCA
India,State - UTTAR PRADESH (09),2011,population,58042.0,Census 2011 PCA
India,State - UTTAR PRADESH (09),2011,population,24714.0,Census 2011 PCA
India,State - UTTAR PRADESH (09),2011,population,35726.0,Census 2011 PCA
India,State - UTTAR PRADESH (09),2011,population,33365.0,Census 2011 PCA
India,State - UTTAR PRADESH (09),2011,population,147993.0,Census 2011 PCA
India,State - UTTAR PRADESH (09),2011,population,43330.0,Census 2011 PCA
India,State - UTTAR PRADESH (09),2011,population,21279.0,Census 2011 PCA
India,State - UTTAR PRADESH (09),2011,population,12915.0,Census 2011 PCA
India,State - UTTAR PRADESH (09),2011,population,16415.0,Census 2011 PCA
India,State - UTTAR PRADESH (09),2011,population,46747.0,Census 2011 PCA
India,State - UTTAR PRADESH (09),2011,population,18911.0,Census 2011 PCA
India,State - UTTAR PRADESH (09),2011,population,10137.0,Census 2011 PCA
India,State - UTTAR PRADESH (09),2011,population,17907.0,Census 2011 PCA
India,State - UTTAR PRADESH (09),2011,population,12125.0,Census 2011 PCA
India,State - UTTAR PRADESH (09),2011,population,199598.0,Census 2011 PCA
India,State - UTTAR PRADESH (09),2011,population,1622062.0,Census 2011 PCA
India,State - BIHAR (10),2011,population,104099452.0,Census 2011 PCA
India,State - BIHAR (10),2011,population,2014957.0,Census 2011 PCA
India,State - BIHAR (10),2011,population,2330590.0,Census 2011 PCA
India,State - BIHAR (10),2011,population,2801985.0,Census 2011 PCA
India,State - BIHAR (10),2011,population,2835798.0,Census 2011 PCA
India,State - BIHAR (10),2011,population,2781699.0,Census 2011 PCA
India,State - BIHAR (10),2011,population,3072103.0,Census 2011 PCA
India,State - BIHAR (10),2011,population,3296832.0,Census 2011 PCA
India,State - BIHAR (10),2011,population,2736174.0,Census 2011 PCA
India,State - BIHAR (10),2011,population,3472198.0,Census 2011 PCA
India,State - BIHAR (10),2011,population,2458970.0,Census 2011 PCA
India,State - BIHAR (10),2011,population,3848668.0,Census 2011 PCA
India,State - BIHAR (10),2011,population,2385653.0,Census 2011 PCA
India,State - BIHAR (10),2011,population,3188267.0,Census 2011 PCA
India,State - BIHAR (10),2011,population,2185027.0,Census 2011 PCA
India,State - BIHAR (10),2011,population,2312267.0,Census 2011 PCA
India,State - BIHAR (10),2011,population,2326025.0,Census 2011 PCA
India,State - BIHAR (10),2011,population,2046951.0,Census 2011 PCA
India,State - BIHAR (10),2011,population,1408901.0,Census 2011 PCA
India,State - BIHAR (10),2011,population,2294012.0,Census 2011 PCA
India,State - BIHAR (10),2011,population,1396806.0,Census 2011 PCA
India,State - BIHAR (10),2011,population,2349733.0,Census 2011 PCA
India,State - BIHAR (10),2011,population,1321504.0,Census 2011 PCA
India,State - BIHAR (10),2011,population,1822757.0,Census 2011 PCA
India,State - BIHAR (10),2011,population,1243544.0,Census 2011 PCA
India,State - BIHAR (10),2011,population,1327197.0,Census 2011 PCA
India,State - BIHAR (10),2011,population,2541873.0,Census 2011 PCA
India,State - BIHAR (10),2011,population,1433514.0,Census 2011 PCA
India,State - BIHAR (10),2011,population,983868.0,Census 2011 PCA
India,State - BIHAR (10),2011,population,1759205.0,Census 2011 PCA
India,State - BIHAR (10),2011,population,953245.0,Census 2011 PCA
India,State - BIHAR (10),2011,population,2940550.0,Census 2011 PCA
India,State - BIHAR (10),2011,population,990497.0,Census 2011 PCA
India,State - BIHAR (10),2011,population,1375085.0,Census 2011 PCA
India,State - BIHAR (10),2011,population,837516.0,Census 2011 PCA
India,State - BIHAR (10),2011,population,912089.0,Census 2011 PCA
India,State - BIHAR (10),2011,population,2673063.0,Census 2011 PCA
India,State - BIHAR (10),2011,population,1170224.0,Census 2011 PCA
India,State - BIHAR (10),2011,population,658890.0,Census 2011 PCA
India,State - BIHAR (10),2011,population,1235113.0,Census 2011 PCA
India,State - BIHAR (10),2011,population,719971.0,Census 2011 PCA
India,State - BIHAR (10),2011,population,2544475.0,Census 2011 PCA
India,State - BIHAR (10),2011,population,771153.0,Census 2011 PCA
India,State - BIHAR (10),2011,population,826775.0,Census 2011 PCA
India,State - BIHAR (10),2011,population,481792.0,Census 2011 PCA
India,State - BIHAR (10),2011,population,541497.0,Census 2011 PCA
India,State - BIHAR (10),2011,population,2011304.0,Census 2011 PCA
India,State - BIHAR (10),2011,population,705574.0,Census 2011 PCA
India,State - BIHAR (10),2011,population,380253.0,Census 2011 PCA
India,State - BIHAR (10),2011,population,728178.0,Census 2011 PCA
India,State - BIHAR (10),2011,population,445065.0,Census 2011 PCA
India,State - BIHAR (10),2011,population,1797034.0,Census 2011 PCA
India,State - BIHAR (10),2011,population,502770.0,Census 2011 PCA
India,State - BIHAR (10),2011,population,412949.0,Census 2011 PCA
India,State - BIHAR (10),2011,population,261284.0,Census 2011 PCA
India,State - BIHAR (10),2011,population,338703.0,Census 2011 PCA
India,State - BIHAR (10),2011,population,1338071.0,Census 2011 PCA
India,State - BIHAR (10),2011,population,461068.0,Census 2011 PCA
India,State - BIHAR (10),2011,population,234549.0,Census 2011 PCA
India,State - BIHAR (10),2011,population,427688.0,Census 2011 PCA
India,State - BIHAR (10),2011,population,335302.0,Census 2011 PCA
India,State - BIHAR (10),2011,population,1632251.0,Census 2011 PCA
India,State - BIHAR (10),2011,population,469113.0,Census 2011 PCA
India,State - BIHAR (10),2011,population,414292.0,Census 2011 PCA
India,State - BIHAR (10),2011,population,227341.0,Census 2011 PCA
India,State - BIHAR (10),2011,population,265011.0,Census 2011 PCA
India,State - BIHAR (10),2011,population,1189694.0,Census 2011 PCA
India,State - BIHAR (10),2011,population,354977.0,Census 2011 PCA
India,State - BIHAR (10),2011,population,140310.0,Census 2011 PCA
India,State - BIHAR (10),2011,population,226793.0,Census 2011 PCA
India,State - BIHAR (10),2011,population,178005.0,Census 2011 PCA
India,State - BIHAR (10),2011,population,904618.0,Census 2011 PCA
India,State - BIHAR (10),2011,population,221433.0,Census 2011 PCA
India,State - BIHAR (10),2011,population,121252.0,Census 2011 PCA
India,State - BIHAR (10),2011,population,59418.0,Census 2011 PCA
India,State - BIHAR (10),2011,population,72810.0,Census 2011 PCA
India,State - BIHAR (10),2011,population,321483.0,Census 2011 PCA
India,State - BIHAR (10),2011,population,97868.0,Census 2011 PCA
India,State - BIHAR (10),2011,population,36748.0,Census 2011 PCA
India,State - BIHAR (10),2011,population,48900.0,Census 2011 PCA
India,State - BIHAR (10),2011,population,45480.0,Census 2011 PCA
India,State - BIHAR (10),2011,population,248903.0,Census 2011 PCA
India,State - BIHAR (10),2011,population,61061.0,Census 2011 PCA
India,State - BIHAR (10),2011,population,26932.0,Census 2011 PCA
India,State - BIHAR (10),2011,population,13830.0,Census 2011 PCA
India,State - BIHAR (10),2011,population,18328.0,Census 2011 PCA
India,State - BIHAR (10),2011,population,74423.0,Census 2011 PCA
India,State - BIHAR (10),2011,population,22914.0,Census 2011 PCA
India,State - BIHAR (10),2011,population,8644.0,Census 2011 PCA
India,State - BIHAR (10),2011,population,12139.0,Census 2011 PCA
India,State - BIHAR (10),2011,population,11388.0,Census 2011 PCA
India,State - BIHAR (10),2011,population,54583.0,Census 2011 PCA
India,State - BIHAR (10),2011,population,15951.0,Census 2011 PCA
India,State - BIHAR (10),2011,population,10555.0,Census 2011 PCA
India,State - BIHAR (10),2011,population,6129.0,Census 2011 PCA
India,State - BIHAR (10),2011,population,7550.0,Census 2011 PCA
India,State - BIHAR (10),2011,population,21564.0,Census 2011 PCA
India,State - BIHAR (10),2011,population,8771.0,Census 2011 PCA
India,State - BIHAR (10),2011,population,4588.0,Census 2011 PCA
India,State - BIHAR (10),2011,population,7828.0,Census 2011 PCA
India,State - BIHAR (10),2011,population,4624.0,Census 2011 PCA
India,State - BIHAR (10),2011,population,38643.0,Census 2011 PCA
India,State - BIHAR (10),2011,population,403502.0,Census 2011 PCA
India,State - SIKKIM (11),2011,population,610577.0,Census 2011 PCA
India,State - SIKKIM (11),2011,population,7649.0,Census 2011 PCA
India,State - SIKKIM (11),2011,population,8222.0,Census 2011 PCA
India,State - SIKKIM (11),2011,population,8230.0,Census 2011 PCA
India,State - SIKKIM (11),2011,population,8715.0,Census 2011 PCA
India,State - SIKKIM (11),2011,population,9520.0,Census 2011 PCA
India,State - SIKKIM (11),2011,population,10560.0,Census 2011 PCA
India,State - SIKKIM (11),2011,population,11215.0,Census 2011 PCA
India,State - SIKKIM (11),2011,population,11728.0,Census 2011 PCA
India,State - SIKKIM (11),2011,population,11022.0,Census 2011 PCA
India,State - SIKKIM (11),2011,population,12153.0,Census 2011 PCA
India,State - SIKKIM (11),2011,population,13543.0,Census 2011 PCA
India,State - SIKKIM (11),2011,population,13165.0,Census 2011 PCA
India,State - SIKKIM (11),2011,population,13400.0,Census 2011 PCA
India,State - SIKKIM (11),2011,population,13312.0,Census 2011 PCA
India,State - SIKKIM (11),2011,population,13503.0,Census 2011 PCA
India,State - SIKKIM (11),2011,population,13323.0,Census 2011 PCA
India,State - SIKKIM (11),2011,population,13428.0,Census 2011 PCA
India,State - SIKKIM (11),2011,population,13144.0,Census 2011 PCA
India,State - SIKKIM (11),2011,population,14254.0,Census 2011 PCA
India,State - SIKKIM (11),2011,population,12788.0,Census 2011 PCA
India,State - SIKKIM (11),2011,population,13848.0,Census 2011 PCA
India,State - SIKKIM (11),2011,population,13411.0,Census 2011 PCA
India,State - SIKKIM (11),2011,population,13779.0,Census 2011 PCA
India,State - SIKKIM (11),2011,population,12586.0,Census 2011 PCA
India,State - SIKKIM (11),2011,population,13673.0,Census 2011 PCA
India,State - SIKKIM (11),2011,population,14403.0,Census 2011 PCA
India,State - SIKKIM (11),2011,population,13720.0,Census 2011 PCA
India,State - SIKKIM (11),2011,population,12319.0,Census 2011 PCA
India,State - SIKKIM (11),2011,population,13006.0,Census 2011 PCA
India,State - SIKKIM (11),2011,population,11191.0,Census 2011 PCA
India,State - SIKKIM (11),2011,population,13683.0,Census 2011 PCA
India,State - SIKKIM (11),2011,population,10816.0,Census 2011 PCA
India,State - SIKKIM (11),2011,population,10227.0,Census 2011 PCA
India,State - SIKKIM (11),2011,population,8317.0,Census 2011 PCA
India,State - SIKKIM (11),2011,population,9182.0,Census 2011 PCA
India,State - SIKKIM (11),2011,population,11125.0,Census 2011 PCA
India,State - SIKKIM (11),2011,population,9009.0,Census 2011 PCA
India,State - SIKKIM (11),2011,population,8024.0,Census 2011 PCA
India,State - SIKKIM (11),2011,population,8269.0,Census 2011 PCA
India,State - SIKKIM (11),2011,population,7200.0,Census 2011 PCA
India,State - SIKKIM (11),2011,population,9631.0,Census 2011 PCA
India,State - SIKKIM (11),2011,population,7255.0,Census 2011 PCA
India,State - SIKKIM (11),2011,population,7848.0,Census 2011 PCA
India,State - SIKKIM (11),2011,population,5646.0,Census 2011 PCA
India,State - SIKKIM (11),2011,population,6172.0,Census 2011 PCA
India,State - SIKKIM (11),2011,population,7723.0,Census 2011 PCA
India,State - SIKKIM (11),2011,population,5810.0,Census 2011 PCA
India,State - SIKKIM (11),2011,population,4997.0,Census 2011 PCA
India,State - SIKKIM (11),2011,population,5629.0,Census 2011 PCA
India,State - SIKKIM (11),2011,population,5303.0,Census 2011 PCA
India,State - SIKKIM (11),2011,population,7070.0,Census 2011 PCA
India,State - SIKKIM (11),2011,population,4880.0,Census 2011 PCA
India,State - SIKKIM (11),2011,population,4660.0,Census 2011 PCA
India,State - SIKKIM (11),2011,population,3794.0,Census 2011 PCA
India,State - SIKKIM (11),2011,population,4028.0,Census 2011 PCA
India,State - SIKKIM (11),2011,population,4910.0,Census 2011 PCA
India,State - SIKKIM (11),2011,population,3801.0,Census 2011 PCA
India,State - SIKKIM (11),2011,population,2990.0,Census 2011 PCA
India,State - SIKKIM (11),2011,population,2878.0,Census 2011 PCA
India,State - SIKKIM (11),2011,population,2962.0,Census 2011 PCA
India,State - SIKKIM (11),2011,population,4410.0,Census 2011 PCA
India,State - SIKKIM (11),2011,population,2499.0,Census 2011 PCA
India,State - SIKKIM (11),2011,population,2272.0,Census 2011 PCA
India,State - SIKKIM (11),2011,population,2069.0,Census 2011 PCA
India,State - SIKKIM (11),2011,population,2300.0,Census 2011 PCA
India,State - SIKKIM (11),2011,population,3142.0,Census 2011 PCA
India,State - SIKKIM (11),2011,population,2116.0,Census 2011 PCA
India,State - SIKKIM (11),2011,population,1724.0,Census 2011 PCA
India,State - SIKKIM (11),2011,population,1760.0,Census 2011 PCA
India,State - SIKKIM (11),2011,population,1741.0,Census 2011 PCA
India,State - SIKKIM (11),2011,population,2489.0,Census 2011 PCA
India,State - SIKKIM (11),2011,population,1455.0,Census 2011 PCA
India,State - SIKKIM (11),2011,population,1340.0,Census 2011 PCA
India,State - SIKKIM (11),2011,population,1152.0,Census 2011 PCA
India,State - SIKKIM (11),2011,population,1125.0,Census 2011 PCA
India,State - SIKKIM (11),2011,population,1329.0,Census 2011 PCA
India,State - SIKKIM (11),2011,population,985.0,Census 2011 PCA
India,State - SIKKIM (11),2011,population,784.0,Census 2011 PCA
India,State - SIKKIM (11),2011,population,753.0,Census 2011 PCA
India,State - SIKKIM (11),2011,population,665.0,Census 2011 PCA
India,State - SIKKIM (11),2011,population,888.0,Census 2011 PCA
India,State - SIKKIM (11),2011,population,490.0,Census 2011 PCA
India,State - SIKKIM (11),2011,population,415.0,Census 2011 PCA
India,State - SIKKIM (11),2011,population,380.0,Census 2011 PCA
India,State - SIKKIM (11),2011,population,391.0,Census 2011 PCA
India,State - SIKKIM (11),2011,population,385.0,Census 2011 PCA
India,State - SIKKIM (11),2011,population,240.0,Census 2011 PCA
India,State - SIKKIM (11),2011,population,193.0,Census 2011 PCA
India,State - SIKKIM (11),2011,population,164.0,Census 2011 PCA
India,State - SIKKIM (11),2011,population,129.0,Census 2011 PCA
India,State - SIKKIM (11),2011,population,179.0,Census 2011 PCA
India,State - SIKKIM (11),2011,population,115.0,Census 2011 PCA
India,State - SIKKIM (11),2011,population,129.0,Census 2011 PCA
India,State - SIKKIM (11),2011,population,55.0,Census 2011 PCA
India,State - SIKKIM (11),2011,population,95.0,Census 2011 PCA
India,State - SIKKIM (11),2011,population,95.0,Census 2011 PCA
India,State - SIKKIM (11),2011,population,68.0,Census 2011 PCA
India,State - SIKKIM (11),2011,population,50.0,Census 2011 PCA
India,State - SIKKIM (11),2011,population,55.0,Census 2011 PCA
India,State - SIKKIM (11),2011,population,31.0,Census 2011 PCA
India,State - SIKKIM (11),2011,population,95.0,Census 2011 PCA
India,State - SIKKIM (11),2011,population,1176.0,Census 2011 PCA
India,State - ARUNACHAL PRADESH (12),2011,population,1383727.0,Census 2011 PCA
India,State - ARUNACHAL PRADESH (12),2011,population,23229.0,Census 2011 PCA
India,State - ARUNACHAL PRADESH (12),2011,population,30140.0,Census 2011 PCA
India,State - ARUNACHAL PRADESH (12),2011,population,28930.0,Census 2011 PCA
India,State - ARUNACHAL PRADESH (12),2011,population,29950.0,Census 2011 PCA
India,State - ARUNACHAL PRADESH (12),2011,population,30630.0,Census 2011 PCA
India,State - ARUNACHAL PRADESH (12),2011,population,34389.0,Census 2011 PCA
India,State - ARUNACHAL PRADESH (12),2011,population,34920.0,Census 2011 PCA
India,State - ARUNACHAL PRADESH (12),2011,population,34077.0,Census 2011 PCA
India,State - ARUNACHAL PRADESH (12),2011,population,35939.0,Census 2011 PCA
India,State - ARUNACHAL PRADESH (12),2011,population,31798.0,Census 2011 PCA
India,State - ARUNACHAL PRADESH (12),2011,population,39407.0,Census 2011 PCA
India,State - ARUNACHAL PRADESH (12),2011,population,33595.0,Census 2011 PCA
India,State - ARUNACHAL PRADESH (12),2011,population,38453.0,Census 2011 PCA
India,State - ARUNACHAL PRADESH (12),2011,population,32977.0,Census 2011 PCA
India,State - ARUNACHAL PRADESH (12),2011,population,34927.0,Census 2011 PCA
India,State - ARUNACHAL PRADESH (12),2011,population,35678.0,Census 2011 PCA
India,State - ARUNACHAL PRADESH (12),2011,population,32577.0,Census 2011 PCA
India,State - ARUNACHAL PRADESH (12),2011,population,27940.0,Census 2011 PCA
India,State - ARUNACHAL PRADESH (12),2011,population,34053.0,Census 2011 PCA
India,State - ARUNACHAL PRADESH (12),2011,population,25720.0,Census 2011 PCA
India,State - ARUNACHAL PRADESH (12),2011,population,34641.0,Census 2011 PCA
India,State - ARUNACHAL PRADESH (12),2011,population,24130.0,Census 2011 PCA
India,State - ARUNACHAL PRADESH (12),2011,population,25395.0,Census 2011 PCA
India,State - ARUNACHAL PRADESH (12),2011,population,22246.0,Census 2011 PCA
India,State - ARUNACHAL PRADESH (12),2011,population,25284.0,Census 2011 PCA
India,State - ARUNACHAL PRADESH (12),2011,population,32057.0,Census 2011 PCA
India,State - ARUNACHAL PRADESH (12),2011,population,24682.0,Census 2011 PCA
India,State - ARUNACHAL PRADESH (12),2011,population,21489.0,Census 2011 PCA
India,State - ARUNACHAL PRADESH (12),2011,population,25450.0,Census 2011 PCA
India,State - ARUNACHAL PRADESH (12),2011,population,20036.0,Census 2011 PCA
India,State - ARUNACHAL PRADESH (12),2011,population,35727.0,Census 2011 PCA
India,State - ARUNACHAL PRADESH (12),2011,population,17836.0,Census 2011 PCA
India,State - ARUNACHAL PRADESH (12),2011,population,18080.0,Census 2011 PCA
India,State - ARUNACHAL PRADESH (12),2011,population,13096.0,Census 2011 PCA
India,State - ARUNACHAL PRADESH (12),2011,population,16432.0,Census 2011 PCA
India,State - ARUNACHAL PRADESH (12),2011,population,29448.0,Census 2011 PCA
India,State - ARUNACHAL PRADESH (12),2011,population,17038.0,Census 2011 PCA
India,State - ARUNACHAL PRADESH (12),2011,population,13798.0,Census 2011 PCA
India,State - ARUNACHAL PRADESH (12),2011,population,18276.0,Census 2011 PCA
India,State - ARUNACHAL PRADESH (12),2011,population,15831.0,Census 2011 PCA
India,State - ARUNACHAL PRADESH (12),2011,population,31467.0,Census 2011 PCA
India,State - ARUNACHAL PRADESH (12),2011,population,13758.0,Census 2011 PCA
India,State - ARUNACHAL PRADESH (12),2011,population,13369.0,Census 2011 PCA
India,State - ARUNACHAL PRADESH (12),2011,population,9248.0,Census 2011 PCA
India,State - ARUNACHAL PRADESH (12),2011,population,10761.0,Census 2011 PCA
India,State - ARUNACHAL PRADESH (12),2011,population,21854.0,Census 2011 PCA
India,State - ARUNACHAL PRADESH (12),2011,population,11335.0,Census 2011 PCA
India,State - ARUNACHAL PRADESH (12),2011,population,8710.0,Census 2011 PCA
India,State - ARUNACHAL PRADESH (12),2011,population,11891.0,Census 2011 PCA
India,State - ARUNACHAL PRADESH (12),2011,population,9889.0,Census 2011 PCA
India,State - ARUNACHAL PRADESH (12),2011,population,20203.0,Census 2011 PCA
India,State - ARUNACHAL PRADESH (12),2011,population,8051.0,Census 2011 PCA
India,State - ARUNACHAL PRADESH (12),2011,population,7007.0,Census 2011 PCA
India,State - ARUNACHAL PRADESH (12),2011,population,4864.0,Census 2011 PCA
India,State - ARUNACHAL PRADESH (12),2011,population,5985.0,Census 2011 PCA
India,State - ARUNACHAL PRADESH (12),2011,population,10474.0,Census 2011 PCA
India,State - ARUNACHAL PRADESH (12),2011,population,5683.0,Census 2011 PCA
India,State - ARUNACHAL PRADESH (12),2011,population,4042.0,Census 2011 PCA
India,State - ARUNACHAL PRADESH (12),2011,population,4822.0,Census 2011 PCA
India,State - ARUNACHAL PRADESH (12),2011,population,4865.0,Census 2011 PCA
India,State - ARUNACHAL PRADESH (12),2011,population,12101.0,Census 2011 PCA
India,State - ARUNACHAL PRADESH (12),2011,population,4519.0,Census 2011 PCA
India,State - ARUNACHAL PRADESH (12),2011,population,3501.0,Census 2011 PCA
India,State - ARUNACHAL PRADESH (12),2011,population,2450.0,Census 2011 PCA
India,State - ARUNACHAL PRADESH (12),2011,population,2874.0,Census 2011 PCA
India,State - ARUNACHAL PRADESH (12),2011,population,6207.0,Census 2011 PCA
India,State - ARUNACHAL PRADESH (12),2011,population,2516.0,Census 2011 PCA
India,State - ARUNACHAL PRADESH (12),2011,population,1798.0,Census 2011 PCA
India,State - ARUNACHAL PRADESH (12),2011,population,2155.0,Census 2011 PCA
India,State - ARUNACHAL PRADESH (12),2011,population,2297.0,Census 2011 PCA
India,State - ARUNACHAL PRADESH (12),2011,population,5734.0,Census 2011 PCA
India,State - ARUNACHAL PRADESH (12),2011,population,1865.0,Census 2011 PCA
India,State - ARUNACHAL PRADESH (12),2011,population,1226.0,Census 2011 PCA
India,State - ARUNACHAL PRADESH (12),2011,population,779.0,Census 2011 PCA
India,State - ARUNACHAL PRADESH (12),2011,population,1043.0,Census 2011 PCA
India,State - ARUNACHAL PRADESH (12),2011,population,2174.0,Census 2011 PCA
India,State - ARUNACHAL PRADESH (12),2011,population,903.0,Census 2011 PCA
India,State - ARUNACHAL PRADESH (12),2011,population,601.0,Census 2011 PCA
India,State - ARUNACHAL PRADESH (12),2011,population,691.0,Census 2011 PCA
India,State - ARUNACHAL PRADESH (12),2011,population,766.0,Census 2011 PCA
India,State - ARUNACHAL PRADESH (12),2011,population,1950.0,Census 2011 PCA
India,State - ARUNACHAL PRADESH (12),2011,population,661.0,Census 2011 PCA
India,State - ARUNACHAL PRADESH (12),2011,population,443.0,Census 2011 PCA
India,State - ARUNACHAL PRADESH (12),2011,population,254.0,Census 2011 PCA
India,State - ARUNACHAL PRADESH (12),2011,population,365.0,Census 2011 PCA
India,State - ARUNACHAL PRADESH (12),2011,population,671.0,Census 2011 PCA
India,State - ARUNACHAL PRADESH (12),2011,population,300.0,Census 2011 PCA
India,State - ARUNACHAL PRADESH (12),2011,population,200.0,Census 2011 PCA
India,State - ARUNACHAL PRADESH (12),2011,population,227.0,Census 2011 PCA
India,State - ARUNACHAL PRADESH (12),2011,population,207.0,Census 2011 PCA
India,State - ARUNACHAL PRADESH (12),2011,population,571.0,Census 2011 PCA
India,State - ARUNACHAL PRADESH (12),2011,population,190.0,Census 2011 PCA
India,State - ARUNACHAL PRADESH (12),2011,population,145.0,Census 2011 PCA
India,State - ARUNACHAL PRADESH (12),2011,population,94.0,Census 2011 PCA
India,State - ARUNACHAL PRADESH (12),2011,population,129.0,Census 2011 PCA
India,State - ARUNACHAL PRADESH (12),2011,population,186.0,Census 2011 PCA
India,State - ARUNACHAL PRADESH (12),2011,population,98.0,Census 2011 PCA
India,State - ARUNACHAL PRADESH (12),2011,population,93.0,Census 2011 PCA
India,State - ARUNACHAL PRADESH (12),2011,population,111.0,Census 2011 PCA
India,State - ARUNACHAL PRADESH (12),2011,population,51.0,Census 2011 PCA
India,State - ARUNACHAL PRADESH (12),2011,population,493.0,Census 2011 PCA
India,State - ARUNACHAL PRADESH (12),2011,population,1509.0,Census 2011 PCA
India,State - NAGALAND (13),2011,population,1978502.0,Census 2011 PCA
India,State - NAGALAND (13),2011,population,33464.0,Census 2011 PCA
India,State - NAGALAND (13),2011,population,40143.0,Census 2011 PCA
India,State - NAGALAND (13),2011,population,40173.0,Census 2011 PCA
India,State - NAGALAND (13),2011,population,40812.0,Census 2011 PCA
India,State - NAGALAND (13),2011,population,42670.0,Census 2011 PCA
India,State - NAGALAND (13),2011,population,45634.0,Census 2011 PCA
India,State - NAGALAND (13),2011,population,48175.0,Census 2011 PCA
India,State - NAGALAND (13),2011,population,47314.0,Census 2011 PCA
India,State - NAGALAND (13),2011,population,46619.0,Census 2011 PCA
India,State - NAGALAND (13),2011,population,45357.0,Census 2011 PCA
India,State - NAGALAND (13),2011,population,54020.0,Census 2011 PCA
India,State - NAGALAND (13),2011,population,49059.0,Census 2011 PCA
India,State - NAGALAND (13),2011,population,50676.0,Census 2011 PCA
India,State - NAGALAND (13),2011,population,47547.0,Census 2011 PCA
India,State - NAGALAND (13),2011,population,47369.0,Census 2011 PCA
India,State - NAGALAND (13),2011,population,50125.0,Census 2011 PCA
India,State - NAGALAND (13),2011,population,48251.0,Census 2011 PCA
India,State - NAGALAND (13),2011,population,42900.0,Census 2011 PCA
India,State - NAGALAND (13),2011,population,48929.0,Census 2011 PCA
India,State - NAGALAND (13),2011,population,39417.0,Census 2011 PCA
India,State - NAGALAND (13),2011,population,49489.0,Census 2011 PCA
India,State - NAGALAND (13),2011,population,40598.0,Census 2011 PCA
India,State - NAGALAND (13),2011,population,39366.0,Census 2011 PCA
India,State - NAGALAND (13),2011,population,36104.0,Census 2011 PCA
India,State - NAGALAND (13),2011,population,38806.0,Census 2011 PCA
India,State - NAGALAND (13),2011,population,42349.0,Census 2011 PCA
India,State - NAGALAND (13),2011,population,38213.0,Census 2011 PCA
India,State - NAGALAND (13),2011,population,31835.0,Census 2011 PCA
India,State - NAGALAND (13),2011,population,36525.0,Census 2011 PCA
India,State - NAGALAND (13),2011,population,27979.0,Census 2011 PCA
India,State - NAGALAND (13),2011,population,43783.0,Census 2011 PCA
India,State - NAGALAND (13),2011,population,29904.0,Census 2011 PCA
India,State - NAGALAND (13),2011,population,28632.0,Census 2011 PCA
India,State - NAGALAND (13),2011,population,22931.0,Census 2011 PCA
India,State - NAGALAND (13),2011,population,24674.0,Census 2011 PCA
India,State - NAGALAND (13),2011,population,33990.0,Census 2011 PCA
India,State - NAGALAND (13),2011,population,26559.0,Census 2011 PCA
India,State - NAGALAND (13),2011,population,21210.0,Census 2011 PCA
India,State - NAGALAND (13),2011,population,26864.0,Census 2011 PCA
India,State - NAGALAND (13),2011,population,19575.0,Census 2011 PCA
India,State - NAGALAND (13),2011,population,35932.0,Census 2011 PCA
India,State - NAGALAND (13),2011,population,22094.0,Census 2011 PCA
India,State - NAGALAND (13),2011,population,20827.0,Census 2011 PCA
India,State - NAGALAND (13),2011,population,15714.0,Census 2011 PCA
India,State - NAGALAND (13),2011,population,14694.0,Census 2011 PCA
India,State - NAGALAND (13),2011,population,25633.0,Census 2011 PCA
India,State - NAGALAND (13),2011,population,18182.0,Census 2011 PCA
India,State - NAGALAND (13),2011,population,14467.0,Census 2011 PCA
India,State - NAGALAND (13),2011,population,16582.0,Census 2011 PCA
India,State - NAGALAND (13),2011,population,12883.0,Census 2011 PCA
India,State - NAGALAND (13),2011,population,23688.0,Census 2011 PCA
India,State - NAGALAND (13),2011,population,13033.0,Census 2011 PCA
India,State - NAGALAND (13),2011,population,11072.0,Census 2011 PCA
India,State - NAGALAND (13),2011,population,8862.0,Census 2011 PCA
India,State - NAGALAND (13),2011,population,9204.0,Census 2011 PCA
India,State - NAGALAND (13),2011,population,12757.0,Census 2011 PCA
India,State - NAGALAND (13),2011,population,9355.0,Census 2011 PCA
India,State - NAGALAND (13),2011,population,6904.0,Census 2011 PCA
India,State - NAGALAND (13),2011,population,8145.0,Census 2011 PCA
India,State - NAGALAND (13),2011,population,6237.0,Census 2011 PCA
India,State - NAGALAND (13),2011,population,13709.0,Census 2011 PCA
India,State - NAGALAND (13),2011,population,7227.0,Census 2011 PCA
India,State - NAGALAND (13),2011,population,5987.0,Census 2011 PCA
India,State - NAGALAND (13),2011,population,5047.0,Census 2011 PCA
India,State - NAGALAND (13),2011,population,4549.0,Census 2011 PCA
India,State - NAGALAND (13),2011,population,7842.0,Census 2011 PCA
India,State - NAGALAND (13),2011,population,4829.0,Census 2011 PCA
India,State - NAGALAND (13),2011,population,3703.0,Census 2011 PCA
India,State - NAGALAND (13),2011,population,4509.0,Census 2011 PCA
India,State - NAGALAND (13),2011,population,3360.0,Census 2011 PCA
India,State - NAGALAND (13),2011,population,7126.0,Census 2011 PCA
India,State - NAGALAND (13),2011,population,3607.0,Census 2011 PCA
India,State - NAGALAND (13),2011,population,2613.0,Census 2011 PCA
India,State - NAGALAND (13),2011,population,2104.0,Census 2011 PCA
India,State - NAGALAND (13),2011,population,2143.0,Census 2011 PCA
India,State - NAGALAND (13),2011,population,3638.0,Census 2011 PCA
India,State - NAGALAND (13),2011,population,2176.0,Census 2011 PCA
India,State - NAGALAND (13),2011,population,1455.0,Census 2011 PCA
India,State - NAGALAND (13),2011,population,1824.0,Census 2011 PCA
India,State - NAGALAND (13),2011,population,1472.0,Census 2011 PCA
India,State - NAGALAND (13),2011,population,3064.0,Census 2011 PCA
India,State - NAGALAND (13),2011,population,1447.0,Census 2011 PCA
India,State - NAGALAND (13),2011,population,979.0,Census 2011 PCA
India,State - NAGALAND (13),2011,population,748.0,Census 2011 PCA
India,State - NAGALAND (13),2011,population,784.0,Census 2011 PCA
India,State - NAGALAND (13),2011,population,1099.0,Census 2011 PCA
India,State - NAGALAND (13),2011,population,708.0,Census 2011 PCA
India,State - NAGALAND (13),2011,population,549.0,Census 2011 PCA
India,State - NAGALAND (13),2011,population,490.0,Census 2011 PCA
India,State - NAGALAND (13),2011,population,455.0,Census 2011 PCA
India,State - NAGALAND (13),2011,population,840.0,Census 2011 PCA
India,State - NAGALAND (13),2011,population,409.0,Census 2011 PCA
India,State - NAGALAND (13),2011,population,374.0,Census 2011 PCA
India,State - NAGALAND (13),2011,population,269.0,Census 2011 PCA
India,State - NAGALAND (13),2011,population,227.0,Census 2011 PCA
India,State - NAGALAND (13),2011,population,316.0,Census 2011 PCA
India,State - NAGALAND (13),2011,population,216.0,Census 2011 PCA
India,State - NAGALAND (13),2011,population,178.0,Census 2011 PCA
India,State - NAGALAND (13),2011,population,197.0,Census 2011 PCA
India,State - NAGALAND (13),2011,population,109.0,Census 2011 PCA
India,State - NAGALAND (13),2011,population,348.0,Census 2011 PCA
India,State - NAGALAND (13),2011,population,1471.0,Census 2011 PCA
India,State - MANIPUR (14),2011,population,2855794.0,Census 2011 PCA
India,State - MANIPUR (14),2011,population,44178.0,Census 2011 PCA
India,State - MANIPUR (14),2011,population,58404.0,Census 2011 PCA
India,State - MANIPUR (14),2011,population,49167.0,Census 2011 PCA
India,State - MANIPUR (14),2011,population,52179.0,Census 2011 PCA
India,State - MANIPUR (14),2011,population,52754.0,Census 2011 PCA
India,State - MANIPUR (14),2011,population,59079.0,Census 2011 PCA
India,State - MANIPUR (14),2011,population,59596.0,Census 2011 PCA
India,State - MANIPUR (14),2011,population,59467.0,Census 2011 PCA
India,State - MANIPUR (14),2011,population,59412.0,Census 2011 PCA
India,State - MANIPUR (14),2011,population,53689.0,Census 2011 PCA
India,State - MANIPUR (14),2011,population,67741.0,Census 2011 PCA
India,State - MANIPUR (14),2011,population,59530.0,Census 2011 PCA
India,State - MANIPUR (14),2011,population,64919.0,Census 2011 PCA
India,State - MANIPUR (14),2011,population,60556.0,Census 2011 PCA
India,State - MANIPUR (14),2011,population,61017.0,Census 2011 PCA
India,State - MANIPUR (14),2011,population,62680.0,Census 2011 PCA
India,State - MANIPUR (14),2011,population,56560.0,Census 2011 PCA
India,State - MANIPUR (14),2011,population,52601.0,Census 2011 PCA
India,State - MANIPUR (14),2011,population,64850.0,Census 2011 PCA
India,State - MANIPUR (14),2011,population,50317.0,Census 2011 PCA
India,State - MANIPUR (14),2011,population,66692.0,Census 2011 PCA
India,State - MANIPUR (14),2011,population,52468.0,Census 2011 PCA
India,State - MANIPUR (14),2011,population,55541.0,Census 2011 PCA
India,State - MANIPUR (14),2011,population,52447.0,Census 2011 PCA
India,State - MANIPUR (14),2011,population,54634.0,Census 2011 PCA
India,State - MANIPUR (14),2011,population,64930.0,Census 2011 PCA
India,State - MANIPUR (14),2011,population,54564.0,Census 2011 PCA
India,State - MANIPUR (14),2011,population,51322.0,Census 2011 PCA
India,State - MANIPUR (14),2011,population,56135.0,Census 2011 PCA
India,State - MANIPUR (14),2011,population,43526.0,Census 2011 PCA
India,State - MANIPUR (14),2011,population,67254.0,Census 2011 PCA
India,State - MANIPUR (14),2011,population,41008.0,Census 2011 PCA
India,State - MANIPUR (14),2011,population,41438.0,Census 2011 PCA
India,State - MANIPUR (14),2011,population,34322.0,Census 2011 PCA
India,State - MANIPUR (14),2011,population,36932.0,Census 2011 PCA
India,State - MANIPUR (14),2011,population,52295.0,Census 2011 PCA
India,State - MANIPUR (14),2011,population,38510.0,Census 2011 PCA
India,State - MANIPUR (14),2011,population,34719.0,Census 2011 PCA
India,State - MANIPUR (14),2011,population,41115.0,Census 2011 PCA
India,State - MANIPUR (14),2011,population,31814.0,Census 2011 PCA
India,State - MANIPUR (14),2011,population,53614.0,Census 2011 PCA
India,State - MANIPUR (14),2011,population,32370.0,Census 2011 PCA
India,State - MANIPUR (14),2011,population,32073.0,Census 2011 PCA
India,State - MANIPUR (14),2011,population,26217.0,Census 2011 PCA
India,State - MANIPUR (14),2011,population,26555.0,Census 2011 PCA
India,State - MANIPUR (14),2011,population,41160.0,Census 2011 PCA
India,State - MANIPUR (14),2011,population,28381.0,Census 2011 PCA
India,State - MANIPUR (14),2011,population,25588.0,Census 2011 PCA
India,State - MANIPUR (14),2011,population,28877.0,Census 2011 PCA
India,State - MANIPUR (14),2011,population,23024.0,Census 2011 PCA
India,State - MANIPUR (14),2011,population,41480.0,Census 2011 PCA
India,State - MANIPUR (14),2011,population,21452.0,Census 2011 PCA
India,State - MANIPUR (14),2011,population,20963.0,Census 2011 PCA
India,State - MANIPUR (14),2011,population,17319.0,Census 2011 PCA
India,State - MANIPUR (14),2011,population,19063.0,Census 2011 PCA
India,State - MANIPUR (14),2011,population,26785.0,Census 2011 PCA
India,State - MANIPUR (14),2011,population,18395.0,Census 2011 PCA
India,State - MANIPUR (14),2011,population,14805.0,Census 2011 PCA
India,State - MANIPUR (14),2011,population,16328.0,Census 2011 PCA
India,State - MANIPUR (14),2011,population,13186.0,Census 2011 PCA
India,State - MANIPUR (14),2011,population,28447.0,Census 2011 PCA
India,State - MANIPUR (14),2011,population,12650.0,Census 2011 PCA
India,State - MANIPUR (14),2011,population,11197.0,Census 2011 PCA
India,State - MANIPUR (14),2011,population,9570.0,Census 2011 PCA
India,State - MANIPUR (14),2011,population,10033.0,Census 2011 PCA
India,State - MANIPUR (14),2011,population,16886.0,Census 2011 PCA
India,State - MANIPUR (14),2011,population,8767.0,Census 2011 PCA
India,State - MANIPUR (14),2011,population,7175.0,Census 2011 PCA
India,State - MANIPUR (14),2011,population,7510.0,Census 2011 PCA
India,State - MANIPUR (14),2011,population,6310.0,Census 2011 PCA
India,State - MANIPUR (14),2011,population,15204.0,Census 2011 PCA
India,State - MANIPUR (14),2011,population,5901.0,Census 2011 PCA
India,State - MANIPUR (14),2011,population,4863.0,Census 2011 PCA
India,State - MANIPUR (14),2011,population,3823.0,Census 2011 PCA
India,State - MANIPUR (14),2011,population,4462.0,Census 2011 PCA
India,State - MANIPUR (14),2011,population,7923.0,Census 2011 PCA
India,State - MANIPUR (14),2011,population,4232.0,Census 2011 PCA
India,State - MANIPUR (14),2011,population,3030.0,Census 2011 PCA
India,State - MANIPUR (14),2011,population,3554.0,Census 2011 PCA
India,State - MANIPUR (14),2011,population,2689.0,Census 2011 PCA
India,State - MANIPUR (14),2011,population,6626.0,Census 2011 PCA
India,State - MANIPUR (14),2011,population,2644.0,Census 2011 PCA
India,State - MANIPUR (14),2011,population,1983.0,Census 2011 PCA
India,State - MANIPUR (14),2011,population,1561.0,Census 2011 PCA
India,State - MANIPUR (14),2011,population,1719.0,Census 2011 PCA
India,State - MANIPUR (14),2011,population,2412.0,Census 2011 PCA
India,State - MANIPUR (14),2011,population,1327.0,Census 2011 PCA
India,State - MANIPUR (14),2011,population,974.0,Census 2011 PCA
India,State - MANIPUR (14),2011,population,837.0,Census 2011 PCA
India,State - MANIPUR (14),2011,population,658.0,Census 2011 PCA
India,State - MANIPUR (14),2011,population,1264.0,Census 2011 PCA
India,State - MANIPUR (14),2011,population,530.0,Census 2011 PCA
India,State - MANIPUR (14),2011,population,395.0,Census 2011 PCA
India,State - MANIPUR (14),2011,population,296.0,Census 2011 PCA
India,State - MANIPUR (14),2011,population,268.0,Census 2011 PCA
India,State - MANIPUR (14),2011,population,424.0,Census 2011 PCA
India,State - MANIPUR (14),2011,population,266.0,Census 2011 PCA
India,State - MANIPUR (14),2011,population,218.0,Census 2011 PCA
India,State - MANIPUR (14),2011,population,249.0,Census 2011 PCA
India,State - MANIPUR (14),2011,population,127.0,Census 2011 PCA
India,State - MANIPUR (14),2011,population,1016.0,Census 2011 PCA
India,State - MANIPUR (14),2011,population,7777.0,Census 2011 PCA
India,State - MIZORAM (15),2011,population,1097206.0,Census 2011 PCA
India,State - MIZORAM (15),2011,population,23899.0,Census 2011 PCA
India,State - MIZORAM (15),2011,population,28745.0,Census 2011 PCA
India,State - MIZORAM (15),2011,population,22656.0,Census 2011 PCA
India,State - MIZORAM (15),2011,population,23235.0,Census 2011 PCA
India,State - MIZORAM (15),2011,population,22698.0,Census 2011 PCA
India,State - MIZORAM (15),2011,population,23855.0,Census 2011 PCA
India,State - MIZORAM (15),2011,population,23443.0,Census 2011 PCA
India,State - MIZORAM (15),2011,population,24090.0,Census 2011 PCA
India,State - MIZORAM (15),2011,population,23435.0,Census 2011 PCA
India,State - MIZORAM (15),2011,population,22965.0,Census 2011 PCA
India,State - MIZORAM (15),2011,population,25316.0,Census 2011 PCA
India,State - MIZORAM (15),2011,population,23390.0,Census 2011 PCA
India,State - MIZORAM (15),2011,population,22986.0,Census 2011 PCA
India,State - MIZORAM (15),2011,population,22730.0,Census 2011 PCA
India,State - MIZORAM (15),2011,population,22559.0,Census 2011 PCA
India,State - MIZORAM (15),2011,population,22365.0,Census 2011 PCA
India,State - MIZORAM (15),2011,population,22353.0,Census 2011 PCA
India,State - MIZORAM (15),2011,population,21574.0,Census 2011 PCA
India,State - MIZORAM (15),2011,population,22772.0,Census 2011 PCA
India,State - MIZORAM (15),2011,population,21279.0,Census 2011 PCA
India,State - MIZORAM (15),2011,population,24540.0,Census 2011 PCA
India,State - MIZORAM (15),2011,population,21924.0,Census 2011 PCA
India,State - MIZORAM (15),2011,population,22112.0,Census 2011 PCA
India,State - MIZORAM (15),2011,population,21264.0,Census 2011 PCA
India,State - MIZORAM (15),2011,population,21868.0,Census 2011 PCA
India,State - MIZORAM (15),2011,population,22596.0,Census 2011 PCA
India,State - MIZORAM (15),2011,population,21913.0,Census 2011 PCA
India,State - MIZORAM (15),2011,population,19612.0,Census 2011 PCA
India,State - MIZORAM (15),2011,population,20870.0,Census 2011 PCA
India,State - MIZORAM (15),2011,population,17355.0,Census 2011 PCA
India,State - MIZORAM (15),2011,population,21257.0,Census 2011 PCA
India,State - MIZORAM (15),2011,population,18274.0,Census 2011 PCA
India,State - MIZORAM (15),2011,population,16952.0,Census 2011 PCA
India,State - MIZORAM (15),2011,population,16000.0,Census 2011 PCA
India,State - MIZORAM (15),2011,population,15891.0,Census 2011 PCA
India,State - MIZORAM (15),2011,population,18094.0,Census 2011 PCA
India,State - MIZORAM (15),2011,population,14964.0,Census 2011 PCA
India,State - MIZORAM (15),2011,population,13682.0,Census 2011 PCA
India,State - MIZORAM (15),2011,population,14682.0,Census 2011 PCA
India,State - MIZORAM (15),2011,population,10962.0,Census 2011 PCA
India,State - MIZORAM (15),2011,population,14083.0,Census 2011 PCA
India,State - MIZORAM (15),2011,population,11047.0,Census 2011 PCA
India,State - MIZORAM (15),2011,population,11601.0,Census 2011 PCA
India,State - MIZORAM (15),2011,population,9356.0,Census 2011 PCA
India,State - MIZORAM (15),2011,population,12093.0,Census 2011 PCA
India,State - MIZORAM (15),2011,population,12605.0,Census 2011 PCA
India,State - MIZORAM (15),2011,population,11347.0,Census 2011 PCA
India,State - MIZORAM (15),2011,population,10247.0,Census 2011 PCA
India,State - MIZORAM (15),2011,population,10725.0,Census 2011 PCA
India,State - MIZORAM (15),2011,population,8251.0,Census 2011 PCA
India,State - MIZORAM (15),2011,population,11269.0,Census 2011 PCA
India,State - MIZORAM (15),2011,population,9399.0,Census 2011 PCA
India,State - MIZORAM (15),2011,population,8650.0,Census 2011 PCA
India,State - MIZORAM (15),2011,population,7591.0,Census 2011 PCA
India,State - MIZORAM (15),2011,population,7347.0,Census 2011 PCA
India,State - MIZORAM (15),2011,population,7522.0,Census 2011 PCA
India,State - MIZORAM (15),2011,population,6946.0,Census 2011 PCA
India,State - MIZORAM (15),2011,population,5645.0,Census 2011 PCA
India,State - MIZORAM (15),2011,population,6162.0,Census 2011 PCA
India,State - MIZORAM (15),2011,population,4902.0,Census 2011 PCA
India,State - MIZORAM (15),2011,population,6638.0,Census 2011 PCA
India,State - MIZORAM (15),2011,population,4816.0,Census 2011 PCA
India,State - MIZORAM (15),2011,population,4421.0,Census 2011 PCA
India,State - MIZORAM (15),2011,population,4650.0,Census 2011 PCA
India,State - MIZORAM (15),2011,population,3955.0,Census 2011 PCA
India,State - MIZORAM (15),2011,population,4282.0,Census 2011 PCA
India,State - MIZORAM (15),2011,population,3350.0,Census 2011 PCA
India,State - MIZORAM (15),2011,population,2895.0,Census 2011 PCA
India,State - MIZORAM (15),2011,population,3190.0,Census 2011 PCA
India,State - MIZORAM (15),2011,population,2453.0,Census 2011 PCA
India,State - MIZORAM (15),2011,population,3551.0,Census 2011 PCA
India,State - MIZORAM (15),2011,population,2443.0,Census 2011 PCA
India,State - MIZORAM (15),2011,population,2093.0,Census 2011 PCA
India,State - MIZORAM (15),2011,population,2027.0,Census 2011 PCA
India,State - MIZORAM (15),2011,population,1906.0,Census 2011 PCA
India,State - MIZORAM (15),2011,population,2308.0,Census 2011 PCA
India,State - MIZORAM (15),2011,population,1617.0,Census 2011 PCA
India,State - MIZORAM (15),2011,population,1504.0,Census 2011 PCA
India,State - MIZORAM (15),2011,population,1322.0,Census 2011 PCA
India,State - MIZORAM (15),2011,population,1033.0,Census 2011 PCA
India,State - MIZORAM (15),2011,population,1585.0,Census 2011 PCA
India,State - MIZORAM (15),2011,population,1064.0,Census 2011 PCA
India,State - MIZORAM (15),2011,population,778.0,Census 2011 PCA
India,State - MIZORAM (15),2011,population,699.0,Census 2011 PCA
India,State - MIZORAM (15),2011,population,662.0,Census 2011 PCA
India,State - MIZORAM (15),2011,population,633.0,Census 2011 PCA
India,State - MIZORAM (15),2011,population,518.0,Census 2011 PCA
India,State - MIZORAM (15),2011,population,381.0,Census 2011 PCA
India,State - MIZORAM (15),2011,population,337.0,Census 2011 PCA
India,State - MIZORAM (15),2011,population,248.0,Census 2011 PCA
India,State - MIZORAM (15),2011,population,347.0,Census 2011 PCA
India,State - MIZORAM (15),2011,population,173.0,Census 2011 PCA
India,State - MIZORAM (15),2011,population,126.0,Census 2011 PCA
India,State - MIZORAM (15),2011,population,106.0,Census 2011 PCA
India,State - MIZORAM (15),2011,population,77.0,Census 2011 PCA
India,State - MIZORAM (15),2011,population,96.0,Census 2011 PCA
India,State - MIZORAM (15),2011,population,68.0,Census 2011 PCA
India,State - MIZORAM (15),2011,population,50.0,Census 2011 PCA
India,State - MIZORAM (15),2011,population,66.0,Census 2011 PCA
India,State - MIZORAM (15),2011,population,42.0,Census 2011 PCA
India,State - MIZORAM (15),2011,population,118.0,Census 2011 PCA
India,State - MIZORAM (15),2011,population,633.0,Census 2011 PCA
India,State - TRIPURA (16),2011,population,3673917.0,Census 2011 PCA
India,State - TRIPURA (16),2011,population,56275.0,Census 2011 PCA
India,State - TRIPURA (16),2011,population,64108.0,Census 2011 PCA
India,State - TRIPURA (16),2011,population,65012.0,Census 2011 PCA
India,State - TRIPURA (16),2011,population,69528.0,Census 2011 PCA
India,State - TRIPURA (16),2011,population,67643.0,Census 2011 PCA
India,State - TRIPURA (16),2011,population,69220.0,Census 2011 PCA
India,State - TRIPURA (16),2011,population,66228.0,Census 2011 PCA
India,State - TRIPURA (16),2011,population,66430.0,Census 2011 PCA
India,State - TRIPURA (16),2011,population,68449.0,Census 2011 PCA
India,State - TRIPURA (16),2011,population,67408.0,Census 2011 PCA
India,State - TRIPURA (16),2011,population,74446.0,Census 2011 PCA
India,State - TRIPURA (16),2011,population,70154.0,Census 2011 PCA
India,State - TRIPURA (16),2011,population,74234.0,Census 2011 PCA
India,State - TRIPURA (16),2011,population,69374.0,Census 2011 PCA
India,State - TRIPURA (16),2011,population,69482.0,Census 2011 PCA
India,State - TRIPURA (16),2011,population,71020.0,Census 2011 PCA
India,State - TRIPURA (16),2011,population,71534.0,Census 2011 PCA
India,State - TRIPURA (16),2011,population,67462.0,Census 2011 PCA
India,State - TRIPURA (16),2011,population,77535.0,Census 2011 PCA
India,State - TRIPURA (16),2011,population,70278.0,Census 2011 PCA
India,State - TRIPURA (16),2011,population,86562.0,Census 2011 PCA
India,State - TRIPURA (16),2011,population,71419.0,Census 2011 PCA
India,State - TRIPURA (16),2011,population,75497.0,Census 2011 PCA
India,State - TRIPURA (16),2011,population,68459.0,Census 2011 PCA
India,State - TRIPURA (16),2011,population,71240.0,Census 2011 PCA
India,State - TRIPURA (16),2011,population,86486.0,Census 2011 PCA
India,State - TRIPURA (16),2011,population,72158.0,Census 2011 PCA
India,State - TRIPURA (16),2011,population,65499.0,Census 2011 PCA
India,State - TRIPURA (16),2011,population,65574.0,Census 2011 PCA
India,State - TRIPURA (16),2011,population,54432.0,Census 2011 PCA
India,State - TRIPURA (16),2011,population,83384.0,Census 2011 PCA
India,State - TRIPURA (16),2011,population,56722.0,Census 2011 PCA
India,State - TRIPURA (16),2011,population,56165.0,Census 2011 PCA
India,State - TRIPURA (16),2011,population,44456.0,Census 2011 PCA
India,State - TRIPURA (16),2011,population,46262.0,Census 2011 PCA
India,State - TRIPURA (16),2011,population,75829.0,Census 2011 PCA
India,State - TRIPURA (16),2011,population,58302.0,Census 2011 PCA
India,State - TRIPURA (16),2011,population,47530.0,Census 2011 PCA
India,State - TRIPURA (16),2011,population,52705.0,Census 2011 PCA
India,State - TRIPURA (16),2011,population,44976.0,Census 2011 PCA
India,State - TRIPURA (16),2011,population,72033.0,Census 2011 PCA
India,State - TRIPURA (16),2011,population,48497.0,Census 2011 PCA
India,State - TRIPURA (16),2011,population,46900.0,Census 2011 PCA
India,State - TRIPURA (16),2011,population,35737.0,Census 2011 PCA
India,State - TRIPURA (16),2011,population,35584.0,Census 2011 PCA
India,State - TRIPURA (16),2011,population,63824.0,Census 2011 PCA
India,State - TRIPURA (16),2011,population,41816.0,Census 2011 PCA
India,State - TRIPURA (16),2011,population,33261.0,Census 2011 PCA
India,State - TRIPURA (16),2011,population,36906.0,Census 2011 PCA
India,State - TRIPURA (16),2011,population,29662.0,Census 2011 PCA
India,State - TRIPURA (16),2011,population,54377.0,Census 2011 PCA
India,State - TRIPURA (16),2011,population,34631.0,Census 2011 PCA
India,State - TRIPURA (16),2011,population,30115.0,Census 2011 PCA
India,State - TRIPURA (16),2011,population,21160.0,Census 2011 PCA
India,State - TRIPURA (16),2011,population,21903.0,Census 2011 PCA
India,State - TRIPURA (16),2011,population,39778.0,Census 2011 PCA
India,State - TRIPURA (16),2011,population,25130.0,Census 2011 PCA
India,State - TRIPURA (16),2011,population,17703.0,Census 2011 PCA
India,State - TRIPURA (16),2011,population,18027.0,Census 2011 PCA
India,State - TRIPURA (16),2011,population,16236.0,Census 2011 PCA
India,State - TRIPURA (16),2011,population,37813.0,Census 2011 PCA
India,State - TRIPURA (16),2011,population,21016.0,Census 2011 PCA
India,State - TRIPURA (16),2011,population,16700.0,Census 2011 PCA
India,State - TRIPURA (16),2011,population,10494.0,Census 2011 PCA
India,State - TRIPURA (16),2011,population,11106.0,Census 2011 PCA
India,State - TRIPURA (16),2011,population,28872.0,Census 2011 PCA
India,State - TRIPURA (16),2011,population,15103.0,Census 2011 PCA
India,State - TRIPURA (16),2011,population,9601.0,Census 2011 PCA
India,State - TRIPURA (16),2011,population,8620.0,Census 2011 PCA
India,State - TRIPURA (16),2011,population,8284.0,Census 2011 PCA
India,State - TRIPURA (16),2011,population,24416.0,Census 2011 PCA
India,State - TRIPURA (16),2011,population,11626.0,Census 2011 PCA
India,State - TRIPURA (16),2011,population,7560.0,Census 2011 PCA
India,State - TRIPURA (16),2011,population,4300.0,Census 2011 PCA
India,State - TRIPURA (16),2011,population,4422.0,Census 2011 PCA
India,State - TRIPURA (16),2011,population,13121.0,Census 2011 PCA
India,State - TRIPURA (16),2011,population,6843.0,Census 2011 PCA
India,State - TRIPURA (16),2011,population,3853.0,Census 2011 PCA
India,State - TRIPURA (16),2011,population,3171.0,Census 2011 PCA
India,State - TRIPURA (16),2011,population,3098.0,Census 2011 PCA
India,State - TRIPURA (16),2011,population,10027.0,Census 2011 PCA
India,State - TRIPURA (16),2011,population,4558.0,Census 2011 PCA
India,State - TRIPURA (16),2011,population,2595.0,Census 2011 PCA
India,State - TRIPURA (16),2011,population,1360.0,Census 2011 PCA
India,State - TRIPURA (16),2011,population,1387.0,Census 2011 PCA
India,State - TRIPURA (16),2011,population,3957.0,Census 2011 PCA
India,State - TRIPURA (16),2011,population,2099.0,Census 2011 PCA
India,State - TRIPURA (16),2011,population,1148.0,Census 2011 PCA
India,State - TRIPURA (16),2011,population,740.0,Census 2011 PCA
India,State - TRIPURA (16),2011,population,918.0,Census 2011 PCA
India,State - TRIPURA (16),2011,population,2948.0,Census 2011 PCA
India,State - TRIPURA (16),2011,population,1172.0,Census 2011 PCA
India,State - TRIPURA (16),2011,population,694.0,Census 2011 PCA
India,State - TRIPURA (16),2011,population,391.0,Census 2011 PCA
India,State - TRIPURA (16),2011,population,503.0,Census 2011 PCA
India,State - TRIPURA (16),2011,population,1210.0,Census 2011 PCA
India,State - TRIPURA (16),2011,population,647.0,Census 2011 PCA
India,State - TRIPURA (16),2011,population,426.0,Census 2011 PCA
India,State - TRIPURA (16),2011,population,482.0,Census 2011 PCA
India,State - TRIPURA (16),2011,population,395.0,Census 2011 PCA
India,State - TRIPURA (16),2011,population,1868.0,Census 2011 PCA
India,State - TRIPURA (16),2011,population,1616.0,Census 2011 PCA
India,State - MEGHALAYA (17),2011,population,2966889.0,Census 2011 PCA
India,State - MEGHALAYA (17),2011,population,81293.0,Census 2011 PCA
India,State - MEGHALAYA (17),2011,population,86262.0,Census 2011 PCA
India,State - MEGHALAYA (17),2011,population,78719.0,Census 2011 PCA
India,State - MEGHALAYA (17),2011,population,79413.0,Census 2011 PCA
India,State - MEGHALAYA (17),2011,population,80467.0,Census 2011 PCA
India,State - MEGHALAYA (17),2011,population,81201.0,Census 2011 PCA
India,State - MEGHALAYA (17),2011,population,81181.0,Census 2011 PCA
India,State - MEGHALAYA (17),2011,population,77705.0,Census 2011 PCA
India,State - MEGHALAYA (17),2011,population,76293.0,Census 2011 PCA
India,State - MEGHALAYA (17),2011,population,72802.0,Census 2011 PCA
India,State - MEGHALAYA (17),2011,population,84369.0,Census 2011 PCA
India,State - MEGHALAYA (17),2011,population,76711.0,Census 2011 PCA
India,State - MEGHALAYA (17),2011,population,77594.0,Census 2011 PCA
India,State - MEGHALAYA (17),2011,population,72085.0,Census 2011 PCA
India,State - MEGHALAYA (17),2011,population,71847.0,Census 2011 PCA
India,State - MEGHALAYA (17),2011,population,70691.0,Census 2011 PCA
India,State - MEGHALAYA (17),2011,population,69215.0,Census 2011 PCA
India,State - MEGHALAYA (17),2011,population,62310.0,Census 2011 PCA
India,State - MEGHALAYA (17),2011,population,67173.0,Census 2011 PCA
India,State - MEGHALAYA (17),2011,population,56799.0,Census 2011 PCA
India,State - MEGHALAYA (17),2011,population,66229.0,Census 2011 PCA
India,State - MEGHALAYA (17),2011,population,54953.0,Census 2011 PCA
India,State - MEGHALAYA (17),2011,population,56033.0,Census 2011 PCA
India,State - MEGHALAYA (17),2011,population,51948.0,Census 2011 PCA
India,State - MEGHALAYA (17),2011,population,55849.0,Census 2011 PCA
India,State - MEGHALAYA (17),2011,population,60881.0,Census 2011 PCA
India,State - MEGHALAYA (17),2011,population,53262.0,Census 2011 PCA
India,State - MEGHALAYA (17),2011,population,46646.0,Census 2011 PCA
India,State - MEGHALAYA (17),2011,population,49710.0,Census 2011 PCA
India,State - MEGHALAYA (17),2011,population,40782.0,Census 2011 PCA
India,State - MEGHALAYA (17),2011,population,55294.0,Census 2011 PCA
India,State - MEGHALAYA (17),2011,population,38218.0,Census 2011 PCA
India,State - MEGHALAYA (17),2011,population,35358.0,Census 2011 PCA
India,State - MEGHALAYA (17),2011,population,27790.0,Census 2011 PCA
India,State - MEGHALAYA (17),2011,population,32997.0,Census 2011 PCA
India,State - MEGHALAYA (17),2011,population,45232.0,Census 2011 PCA
India,State - MEGHALAYA (17),2011,population,35316.0,Census 2011 PCA
India,State - MEGHALAYA (17),2011,population,29041.0,Census 2011 PCA
India,State - MEGHALAYA (17),2011,population,35030.0,Census 2011 PCA
India,State - MEGHALAYA (17),2011,population,30087.0,Census 2011 PCA
India,State - MEGHALAYA (17),2011,population,44359.0,Census 2011 PCA
India,State - MEGHALAYA (17),2011,population,29023.0,Census 2011 PCA
India,State - MEGHALAYA (17),2011,population,27836.0,Census 2011 PCA
India,State - MEGHALAYA (17),2011,population,21573.0,Census 2011 PCA
India,State - MEGHALAYA (17),2011,population,22659.0,Census 2011 PCA
India,State - MEGHALAYA (17),2011,population,35469.0,Census 2011 PCA
India,State - MEGHALAYA (17),2011,population,25518.0,Census 2011 PCA
India,State - MEGHALAYA (17),2011,population,19958.0,Census 2011 PCA
India,State - MEGHALAYA (17),2011,population,22632.0,Census 2011 PCA
India,State - MEGHALAYA (17),2011,population,19538.0,Census 2011 PCA
India,State - MEGHALAYA (17),2011,population,30839.0,Census 2011 PCA
India,State - MEGHALAYA (17),2011,population,17674.0,Census 2011 PCA
India,State - MEGHALAYA (17),2011,population,15321.0,Census 2011 PCA
India,State - MEGHALAYA (17),2011,population,11855.0,Census 2011 PCA
India,State - MEGHALAYA (17),2011,population,13054.0,Census 2011 PCA
India,State - MEGHALAYA (17),2011,population,16910.0,Census 2011 PCA
India,State - MEGHALAYA (17),2011,population,13171.0,Census 2011 PCA
India,State - MEGHALAYA (17),2011,population,9379.0,Census 2011 PCA
India,State - MEGHALAYA (17),2011,population,10348.0,Census 2011 PCA
India,State - MEGHALAYA (17),2011,population,10301.0,Census 2011 PCA
India,State - MEGHALAYA (17),2011,population,18577.0,Census 2011 PCA
India,State - MEGHALAYA (17),2011,population,9893.0,Census 2011 PCA
India,State - MEGHALAYA (17),2011,population,8092.0,Census 2011 PCA
India,State - MEGHALAYA (17),2011,population,6797.0,Census 2011 PCA
India,State - MEGHALAYA (17),2011,population,7349.0,Census 2011 PCA
India,State - MEGHALAYA (17),2011,population,12665.0,Census 2011 PCA
India,State - MEGHALAYA (17),2011,population,6861.0,Census 2011 PCA
India,State - MEGHALAYA (17),2011,population,5031.0,Census 2011 PCA
India,State - MEGHALAYA (17),2011,population,5662.0,Census 2011 PCA
India,State - MEGHALAYA (17),2011,population,5555.0,Census 2011 PCA
India,State - MEGHALAYA (17),2011,population,10576.0,Census 2011 PCA
India,State - MEGHALAYA (17),2011,population,4914.0,Census 2011 PCA
India,State - MEGHALAYA (17),2011,population,3224.0,Census 2011 PCA
India,State - MEGHALAYA (17),2011,population,2284.0,Census 2011 PCA
India,State - MEGHALAYA (17),2011,population,2700.0,Census 2011 PCA
India,State - MEGHALAYA (17),2011,population,4791.0,Census 2011 PCA
India,State - MEGHALAYA (17),2011,population,2739.0,Census 2011 PCA
India,State - MEGHALAYA (17),2011,population,1646.0,Census 2011 PCA
India,State - MEGHALAYA (17),2011,population,1821.0,Census 2011 PCA
India,State - MEGHALAYA (17),2011,population,1848.0,Census 2011 PCA
India,State - MEGHALAYA (17),2011,population,3812.0,Census 2011 PCA
India,State - MEGHALAYA (17),2011,population,1731.0,Census 2011 PCA
India,State - MEGHALAYA (17),2011,population,1041.0,Census 2011 PCA
India,State - MEGHALAYA (17),2011,population,744.0,Census 2011 PCA
India,State - MEGHALAYA (17),2011,population,889.0,Census 2011 PCA
India,State - MEGHALAYA (17),2011,population,1381.0,Census 2011 PCA
India,State - MEGHALAYA (17),2011,population,753.0,Census 2011 PCA
India,State - MEGHALAYA (17),2011,population,532.0,Census 2011 PCA
India,State - MEGHALAYA (17),2011,population,479.0,Census 2011 PCA
India,State - MEGHALAYA (17),2011,population,518.0,Census 2011 PCA
India,State - MEGHALAYA (17),2011,population,1050.0,Census 2011 PCA
India,State - MEGHALAYA (17),2011,population,435.0,Census 2011 PCA
India,State - MEGHALAYA (17),2011,population,293.0,Census 2011 PCA
India,State - MEGHALAYA (17),2011,population,214.0,Census 2011 PCA
India,State - MEGHALAYA (17),2011,population,251.0,Census 2011 PCA
India,State - MEGHALAYA (17),2011,population,315.0,Census 2011 PCA
India,State - MEGHALAYA (17),2011,population,275.0,Census 2011 PCA
India,State - MEGHALAYA (17),2011,population,188.0,Census 2011 PCA
India,State - MEGHALAYA (17),2011,population,202.0,Census 2011 PCA
India,State - MEGHALAYA (17),2011,population,151.0,Census 2011 PCA
India,State - MEGHALAYA (17),2011,population,623.0,Census 2011 PCA
India,State - MEGHALAYA (17),2011,population,5784.0,Census 2011 PCA
India,State - ASSAM (18),2011,population,31205576.0,Census 2011 PCA
India,State - ASSAM (18),2011,population,548850.0,Census 2011 PCA
India,State - ASSAM (18),2011,population,626156.0,Census 2011 PCA
India,State - ASSAM (18),2011,population,669558.0,Census 2011 PCA
India,State - ASSAM (18),2011,population,691614.0,Census 2011 PCA
India,State - ASSAM (18),2011,population,676655.0,Census 2011 PCA
India,State - ASSAM (18),2011,population,724716.0,Census 2011 PCA
India,State - ASSAM (18),2011,population,700581.0,Census 2011 PCA
India,State - ASSAM (18),2011,population,737356.0,Census 2011 PCA
India,State - ASSAM (18),2011,population,734886.0,Census 2011 PCA
India,State - ASSAM (18),2011,population,646800.0,Census 2011 PCA
India,State - ASSAM (18),2011,population,765960.0,Census 2011 PCA
India,State - ASSAM (18),2011,population,650207.0,Census 2011 PCA
India,State - ASSAM (18),2011,population,744871.0,Census 2011 PCA
India,State - ASSAM (18),2011,population,663109.0,Census 2011 PCA
India,State - ASSAM (18),2011,population,667580.0,Census 2011 PCA
India,State - ASSAM (18),2011,population,673552.0,Census 2011 PCA
India,State - ASSAM (18),2011,population,627495.0,Census 2011 PCA
India,State - ASSAM (18),2011,population,527775.0,Census 2011 PCA
India,State - ASSAM (18),2011,population,690902.0,Census 2011 PCA
India,State - ASSAM (18),2011,population,548857.0,Census 2011 PCA
India,State - ASSAM (18),2011,population,729741.0,Census 2011 PCA
India,State - ASSAM (18),2011,population,522991.0,Census 2011 PCA
India,State - ASSAM (18),2011,population,632825.0,Census 2011 PCA
India,State - ASSAM (18),2011,population,504378.0,Census 2011 PCA
India,State - ASSAM (18),2011,population,519470.0,Census 2011 PCA
India,State - ASSAM (18),2011,population,793337.0,Census 2011 PCA
India,State - ASSAM (18),2011,population,580548.0,Census 2011 PCA
India,State - ASSAM (18),2011,population,475582.0,Census 2011 PCA
India,State - ASSAM (18),2011,population,565236.0,Census 2011 PCA
India,State - ASSAM (18),2011,population,400444.0,Census 2011 PCA
India,State - ASSAM (18),2011,population,821144.0,Census 2011 PCA
India,State - ASSAM (18),2011,population,411671.0,Census 2011 PCA
India,State - ASSAM (18),2011,population,440245.0,Census 2011 PCA
India,State - ASSAM (18),2011,population,312877.0,Census 2011 PCA
India,State - ASSAM (18),2011,population,344123.0,Census 2011 PCA
India,State - ASSAM (18),2011,population,790349.0,Census 2011 PCA
India,State - ASSAM (18),2011,population,454009.0,Census 2011 PCA
India,State - ASSAM (18),2011,population,300095.0,Census 2011 PCA
India,State - ASSAM (18),2011,population,403479.0,Census 2011 PCA
India,State - ASSAM (18),2011,population,312541.0,Census 2011 PCA
India,State - ASSAM (18),2011,population,737018.0,Census 2011 PCA
India,State - ASSAM (18),2011,population,335655.0,Census 2011 PCA
India,State - ASSAM (18),2011,population,316221.0,Census 2011 PCA
India,State - ASSAM (18),2011,population,213164.0,Census 2011 PCA
India,State - ASSAM (18),2011,population,229148.0,Census 2011 PCA
India,State - ASSAM (18),2011,population,619212.0,Census 2011 PCA
India,State - ASSAM (18),2011,population,303680.0,Census 2011 PCA
India,State - ASSAM (18),2011,population,195196.0,Census 2011 PCA
India,State - ASSAM (18),2011,population,270184.0,Census 2011 PCA
India,State - ASSAM (18),2011,population,206977.0,Census 2011 PCA
India,State - ASSAM (18),2011,population,539437.0,Census 2011 PCA
India,State - ASSAM (18),2011,population,225801.0,Census 2011 PCA
India,State - ASSAM (18),2011,population,175108.0,Census 2011 PCA
India,State - ASSAM (18),2011,population,116250.0,Census 2011 PCA
India,State - ASSAM (18),2011,population,135767.0,Census 2011 PCA
India,State - ASSAM (18),2011,population,358078.0,Census 2011 PCA
India,State - ASSAM (18),2011,population,172648.0,Census 2011 PCA
India,State - ASSAM (18),2011,population,92982.0,Census 2011 PCA
India,State - ASSAM (18),2011,population,118179.0,Census 2011 PCA
India,State - ASSAM (18),2011,population,114938.0,Census 2011 PCA
India,State - ASSAM (18),2011,population,382072.0,Census 2011 PCA
India,State - ASSAM (18),2011,population,151622.0,Census 2011 PCA
India,State - ASSAM (18),2011,population,101076.0,Census 2011 PCA
India,State - ASSAM (18),2011,population,65652.0,Census 2011 PCA
India,State - ASSAM (18),2011,population,75276.0,Census 2011 PCA
India,State - ASSAM (18),2011,population,244849.0,Census 2011 PCA
India,State - ASSAM (18),2011,population,98720.0,Census 2011 PCA
India,State - ASSAM (18),2011,population,48327.0,Census 2011 PCA
India,State - ASSAM (18),2011,population,54284.0,Census 2011 PCA
India,State - ASSAM (18),2011,population,57462.0,Census 2011 PCA
India,State - ASSAM (18),2011,population,216345.0,Census 2011 PCA
India,State - ASSAM (18),2011,population,76531.0,Census 2011 PCA
India,State - ASSAM (18),2011,population,40572.0,Census 2011 PCA
India,State - ASSAM (18),2011,population,24017.0,Census 2011 PCA
India,State - ASSAM (18),2011,population,27812.0,Census 2011 PCA
India,State - ASSAM (18),2011,population,93847.0,Census 2011 PCA
India,State - ASSAM (18),2011,population,37591.0,Census 2011 PCA
India,State - ASSAM (18),2011,population,16004.0,Census 2011 PCA
India,State - ASSAM (18),2011,population,18074.0,Census 2011 PCA
India,State - ASSAM (18),2011,population,18836.0,Census 2011 PCA
India,State - ASSAM (18),2011,population,69842.0,Census 2011 PCA
India,State - ASSAM (18),2011,population,25003.0,Census 2011 PCA
India,State - ASSAM (18),2011,population,11375.0,Census 2011 PCA
India,State - ASSAM (18),2011,population,7026.0,Census 2011 PCA
India,State - ASSAM (18),2011,population,8378.0,Census 2011 PCA
India,State - ASSAM (18),2011,population,23503.0,Census 2011 PCA
India,State - ASSAM (18),2011,population,9809.0,Census 2011 PCA
India,State - ASSAM (18),2011,population,4259.0,Census 2011 PCA
India,State - ASSAM (18),2011,population,3953.0,Census 2011 PCA
India,State - ASSAM (18),2011,population,4908.0,Census 2011 PCA
India,State - ASSAM (18),2011,population,18583.0,Census 2011 PCA
India,State - ASSAM (18),2011,population,6895.0,Census 2011 PCA
India,State - ASSAM (18),2011,population,3235.0,Census 2011 PCA
India,State - ASSAM (18),2011,population,2227.0,Census 2011 PCA
India,State - ASSAM (18),2011,population,2706.0,Census 2011 PCA
India,State - ASSAM (18),2011,population,6749.0,Census 2011 PCA
India,State - ASSAM (18),2011,population,3511.0,Census 2011 PCA
India,State - ASSAM (18),2011,population,1846.0,Census 2011 PCA
India,State - ASSAM (18),2011,population,2445.0,Census 2011 PCA
India,State - ASSAM (18),2011,population,2100.0,Census 2011 PCA
India,State - ASSAM (18),2011,population,11222.0,Census 2011 PCA
India,State - ASSAM (18),2011,population,18824.0,Census 2011 PCA
India,State - WEST BENGAL (19),2011,population,91276115.0,Census 2011 PCA
India,State - WEST BENGAL (19),2011,population,1282793.0,Census 2011 PCA
India,State - WEST BENGAL (19),2011,population,1399278.0,Census 2011 PCA
India,State - WEST BENGAL (19),2011,population,1507433.0,Census 2011 PCA
India,State - WEST BENGAL (19),2011,population,1584098.0,Census 2011 PCA
India,State - WEST BENGAL (19),2011,population,1559541.0,Census 2011 PCA
India,State - WEST BENGAL (19),2011,population,1679808.0,Census 2011 PCA
India,State - WEST BENGAL (19),2011,population,1568515.0,Census 2011 PCA
India,State - WEST BENGAL (19),2011,population,1665309.0,Census 2011 PCA
India,State - WEST BENGAL (19),2011,population,1722903.0,Census 2011 PCA
India,State - WEST BENGAL (19),2011,population,1611274.0,Census 2011 PCA
India,State - WEST BENGAL (19),2011,population,1964078.0,Census 2011 PCA
India,State - WEST BENGAL (19),2011,population,1691201.0,Census 2011 PCA
India,State - WEST BENGAL (19),2011,population,1908789.0,Census 2011 PCA
India,State - WEST BENGAL (19),2011,population,1759893.0,Census 2011 PCA
India,State - WEST BENGAL (19),2011,population,1832562.0,Census 2011 PCA
India,State - WEST BENGAL (19),2011,population,1856644.0,Census 2011 PCA
India,State - WEST BENGAL (19),2011,population,1787844.0,Census 2011 PCA
India,State - WEST BENGAL (19),2011,population,1617440.0,Census 2011 PCA
India,State - WEST BENGAL (19),2011,population,2121174.0,Census 2011 PCA
India,State - WEST BENGAL (19),2011,population,1674929.0,Census 2011 PCA
India,State - WEST BENGAL (19),2011,population,2162272.0,Census 2011 PCA
India,State - WEST BENGAL (19),2011,population,1582756.0,Census 2011 PCA
India,State - WEST BENGAL (19),2011,population,1911605.0,Census 2011 PCA
India,State - WEST BENGAL (19),2011,population,1519179.0,Census 2011 PCA
India,State - WEST BENGAL (19),2011,population,1582510.0,Census 2011 PCA
India,State - WEST BENGAL (19),2011,population,2103646.0,Census 2011 PCA
India,State - WEST BENGAL (19),2011,population,1676373.0,Census 2011 PCA
India,State - WEST BENGAL (19),2011,population,1411721.0,Census 2011 PCA
India,State - WEST BENGAL (19),2011,population,1669390.0,Census 2011 PCA
India,State - WEST BENGAL (19),2011,population,1136779.0,Census 2011 PCA
India,State - WEST BENGAL (19),2011,population,2273370.0,Census 2011 PCA
India,State - WEST BENGAL (19),2011,population,1090649.0,Census 2011 PCA
India,State - WEST BENGAL (19),2011,population,1387090.0,Census 2011 PCA
India,State - WEST BENGAL (19),2011,population,996895.0,Census 2011 PCA
India,State - WEST BENGAL (19),2011,population,1093586.0,Census 2011 PCA
India,State - WEST BENGAL (19),2011,population,2235739.0,Census 2011 PCA
India,State - WEST BENGAL (19),2011,population,1379467.0,Census 2011 PCA
India,State - WEST BENGAL (19),2011,population,1041670.0,Census 2011 PCA
India,State - WEST BENGAL (19),2011,population,1380060.0,Census 2011 PCA
India,State - WEST BENGAL (19),2011,population,975710.0,Census 2011 PCA
India,State - WEST BENGAL (19),2011,population,2282162.0,Census 2011 PCA
India,State - WEST BENGAL (19),2011,population,1082291.0,Census 2011 PCA
India,State - WEST BENGAL (19),2011,population,1188935.0,Census 2011 PCA
India,State - WEST BENGAL (19),2011,population,797847.0,Census 2011 PCA
India,State - WEST BENGAL (19),2011,population,801825.0,Census 2011 PCA
India,State - WEST BENGAL (19),2011,population,1970941.0,Census 2011 PCA
India,State - WEST BENGAL (19),2011,population,1029019.0,Census 2011 PCA
India,State - WEST BENGAL (19),2011,population,714091.0,Census 2011 PCA
India,State - WEST BENGAL (19),2011,population,979413.0,Census 2011 PCA
India,State - WEST BENGAL (19),2011,population,642255.0,Census 2011 PCA
India,State - WEST BENGAL (19),2011,population,1713807.0,Census 2011 PCA
India,State - WEST BENGAL (19),2011,population,799702.0,Census 2011 PCA
India,State - WEST BENGAL (19),2011,population,725859.0,Census 2011 PCA
India,State - WEST BENGAL (19),2011,population,492859.0,Census 2011 PCA
India,State - WEST BENGAL (19),2011,population,525653.0,Census 2011 PCA
India,State - WEST BENGAL (19),2011,population,1277976.0,Census 2011 PCA
India,State - WEST BENGAL (19),2011,population,695295.0,Census 2011 PCA
India,State - WEST BENGAL (19),2011,population,415069.0,Census 2011 PCA
India,State - WEST BENGAL (19),2011,population,500934.0,Census 2011 PCA
India,State - WEST BENGAL (19),2011,population,379376.0,Census 2011 PCA
India,State - WEST BENGAL (19),2011,population,1202351.0,Census 2011 PCA
India,State - WEST BENGAL (19),2011,population,523167.0,Census 2011 PCA
India,State - WEST BENGAL (19),2011,population,435561.0,Census 2011 PCA
India,State - WEST BENGAL (19),2011,population,287755.0,Census 2011 PCA
India,State - WEST BENGAL (19),2011,population,296620.0,Census 2011 PCA
India,State - WEST BENGAL (19),2011,population,898364.0,Census 2011 PCA
India,State - WEST BENGAL (19),2011,population,405725.0,Census 2011 PCA
India,State - WEST BENGAL (19),2011,population,231432.0,Census 2011 PCA
India,State - WEST BENGAL (19),2011,population,252324.0,Census 2011 PCA
India,State - WEST BENGAL (19),2011,population,195148.0,Census 2011 PCA
India,State - WEST BENGAL (19),2011,population,687259.0,Census 2011 PCA
India,State - WEST BENGAL (19),2011,population,262665.0,Census 2011 PCA
India,State - WEST BENGAL (19),2011,population,202442.0,Census 2011 PCA
India,State - WEST BENGAL (19),2011,population,119215.0,Census 2011 PCA
India,State - WEST BENGAL (19),2011,population,119026.0,Census 2011 PCA
India,State - WEST BENGAL (19),2011,population,343821.0,Census 2011 PCA
India,State - WEST BENGAL (19),2011,population,162944.0,Census 2011 PCA
India,State - WEST BENGAL (19),2011,population,79802.0,Census 2011 PCA
India,State - WEST BENGAL (19),2011,population,87738.0,Census 2011 PCA
India,State - WEST BENGAL (19),2011,population,65462.0,Census 2011 PCA
India,State - WEST BENGAL (19),2011,population,228869.0,Census 2011 PCA
India,State - WEST BENGAL (19),2011,population,90090.0,Census 2011 PCA
India,State - WEST BENGAL (19),2011,population,57947.0,Census 2011 PCA
India,State - WEST BENGAL (19),2011,population,33747.0,Census 2011 PCA
India,State - WEST BENGAL (19),2011,population,35150.0,Census 2011 PCA
India,State - WEST BENGAL (19),2011,population,94774.0,Census 2011 PCA
India,State - WEST BENGAL (19),2011,population,44017.0,Census 2011 PCA
India,State - WEST BENGAL (19),2011,population,21645.0,Census 2011 PCA
India,State - WEST BENGAL (19),2011,population,20218.0,Census 2011 PCA
India,State - WEST BENGAL (19),2011,population,16391.0,Census 2011 PCA
India,State - WEST BENGAL (19),2011,population,57910.0,Census 2011 PCA
India,State - WEST BENGAL (19),2011,population,29723.0,Census 2011 PCA
India,State - WEST BENGAL (19),2011,population,18745.0,Census 2011 PCA
India,State - WEST BENGAL (19),2011,population,8372.0,Census 2011 PCA
India,State - WEST BENGAL (19),2011,population,9312.0,Census 2011 PCA
India,State - WEST BENGAL (19),2011,population,23480.0,Census 2011 PCA
India,State - WEST BENGAL (19),2011,population,11756.0,Census 2011 PCA
India,State - WEST BENGAL (19),2011,population,7124.0,Census 2011 PCA
India,State - WEST BENGAL (19),2011,population,9436.0,Census 2011 PCA
India,State - WEST BENGAL (19),2011,population,5669.0,Census 2011 PCA
India,State - WEST BENGAL (19),2011,population,59186.0,Census 2011 PCA
India,State - WEST BENGAL (19),2011,population,112451.0,Census 2011 PCA
India,State - JHARKHAND (20),2011,population,32988134.0,Census 2011 PCA
India,State - JHARKHAND (20),2011,population,625189.0,Census 2011 PCA
India,State - JHARKHAND (20),2011,population,682388.0,Census 2011 PCA
India,State - JHARKHAND (20),2011,population,759463.0,Census 2011 PCA
India,State - JHARKHAND (20),2011,population,811016.0,Census 2011 PCA
India,State - JHARKHAND (20),2011,population,770241.0,Census 2011 PCA
India,State - JHARKHAND (20),2011,population,864161.0,Census 2011 PCA
India,State - JHARKHAND (20),2011,population,877037.0,Census 2011 PCA
India,State - JHARKHAND (20),2011,population,790068.0,Census 2011 PCA
India,State - JHARKHAND (20),2011,population,922118.0,Census 2011 PCA
India,State - JHARKHAND (20),2011,population,685041.0,Census 2011 PCA
India,State - JHARKHAND (20),2011,population,1004485.0,Census 2011 PCA
India,State - JHARKHAND (20),2011,population,692162.0,Census 2011 PCA
India,State - JHARKHAND (20),2011,population,940691.0,Census 2011 PCA
India,State - JHARKHAND (20),2011,population,719929.0,Census 2011 PCA
India,State - JHARKHAND (20),2011,population,747129.0,Census 2011 PCA
India,State - JHARKHAND (20),2011,population,762402.0,Census 2011 PCA
India,State - JHARKHAND (20),2011,population,671906.0,Census 2011 PCA
India,State - JHARKHAND (20),2011,population,510735.0,Census 2011 PCA
India,State - JHARKHAND (20),2011,population,764258.0,Census 2011 PCA
India,State - JHARKHAND (20),2011,population,495967.0,Census 2011 PCA
India,State - JHARKHAND (20),2011,population,776043.0,Census 2011 PCA
India,State - JHARKHAND (20),2011,population,470767.0,Census 2011 PCA
India,State - JHARKHAND (20),2011,population,638032.0,Census 2011 PCA
India,State - JHARKHAND (20),2011,population,450151.0,Census 2011 PCA
India,State - JHARKHAND (20),2011,population,492629.0,Census 2011 PCA
India,State - JHARKHAND (20),2011,population,830762.0,Census 2011 PCA
India,State - JHARKHAND (20),2011,population,523214.0,Census 2011 PCA
India,State - JHARKHAND (20),2011,population,397765.0,Census 2011 PCA
India,State - JHARKHAND (20),2011,population,572986.0,Census 2011 PCA
India,State - JHARKHAND (20),2011,population,327912.0,Census 2011 PCA
India,State - JHARKHAND (20),2011,population,888857.0,Census 2011 PCA
India,State - JHARKHAND (20),2011,population,323096.0,Census 2011 PCA
India,State - JHARKHAND (20),2011,population,470684.0,Census 2011 PCA
India,State - JHARKHAND (20),2011,population,298022.0,Census 2011 PCA
India,State - JHARKHAND (20),2011,population,326637.0,Census 2011 PCA
India,State - JHARKHAND (20),2011,population,817018.0,Census 2011 PCA
India,State - JHARKHAND (20),2011,population,395308.0,Census 2011 PCA
India,State - JHARKHAND (20),2011,population,263292.0,Census 2011 PCA
India,State - JHARKHAND (20),2011,population,406920.0,Census 2011 PCA
India,State - JHARKHAND (20),2011,population,254226.0,Census 2011 PCA
India,State - JHARKHAND (20),2011,population,783364.0,Census 2011 PCA
India,State - JHARKHAND (20),2011,population,263807.0,Census 2011 PCA
India,State - JHARKHAND (20),2011,population,324983.0,Census 2011 PCA
India,State - JHARKHAND (20),2011,population,197448.0,Census 2011 PCA
India,State - JHARKHAND (20),2011,population,218904.0,Census 2011 PCA
India,State - JHARKHAND (20),2011,population,656770.0,Census 2011 PCA
India,State - JHARKHAND (20),2011,population,264647.0,Census 2011 PCA
India,State - JHARKHAND (20),2011,population,174974.0,Census 2011 PCA
India,State - JHARKHAND (20),2011,population,269010.0,Census 2011 PCA
India,State - JHARKHAND (20),2011,population,168693.0,Census 2011 PCA
India,State - JHARKHAND (20),2011,population,569654.0,Census 2011 PCA
India,State - JHARKHAND (20),2011,population,175656.0,Census 2011 PCA
India,State - JHARKHAND (20),2011,population,181323.0,Census 2011 PCA
India,State - JHARKHAND (20),2011,population,117123.0,Census 2011 PCA
India,State - JHARKHAND (20),2011,population,142425.0,Census 2011 PCA
India,State - JHARKHAND (20),2011,population,435644.0,Census 2011 PCA
India,State - JHARKHAND (20),2011,population,170726.0,Census 2011 PCA
India,State - JHARKHAND (20),2011,population,106647.0,Census 2011 PCA
India,State - JHARKHAND (20),2011,population,155299.0,Census 2011 PCA
India,State - JHARKHAND (20),2011,population,116918.0,Census 2011 PCA
India,State - JHARKHAND (20),2011,population,484065.0,Census 2011 PCA
India,State - JHARKHAND (20),2011,population,146744.0,Census 2011 PCA
India,State - JHARKHAND (20),2011,population,151324.0,Census 2011 PCA
India,State - JHARKHAND (20),2011,population,84893.0,Census 2011 PCA
India,State - JHARKHAND (20),2011,population,90456.0,Census 2011 PCA
India,State - JHARKHAND (20),2011,population,345835.0,Census 2011 PCA
India,State - JHARKHAND (20),2011,population,106128.0,Census 2011 PCA
India,State - JHARKHAND (20),2011,population,54363.0,Census 2011 PCA
India,State - JHARKHAND (20),2011,population,74461.0,Census 2011 PCA
India,State - JHARKHAND (20),2011,population,54610.0,Census 2011 PCA
India,State - JHARKHAND (20),2011,population,254698.0,Census 2011 PCA
India,State - JHARKHAND (20),2011,population,59909.0,Census 2011 PCA
India,State - JHARKHAND (20),2011,population,44454.0,Census 2011 PCA
India,State - JHARKHAND (20),2011,population,22751.0,Census 2011 PCA
India,State - JHARKHAND (20),2011,population,25296.0,Census 2011 PCA
India,State - JHARKHAND (20),2011,population,95043.0,Census 2011 PCA
India,State - JHARKHAND (20),2011,population,28287.0,Census 2011 PCA
India,State - JHARKHAND (20),2011,population,13115.0,Census 2011 PCA
India,State - JHARKHAND (20),2011,population,17545.0,Census 2011 PCA
India,State - JHARKHAND (20),2011,population,13964.0,Census 2011 PCA
India,State - JHARKHAND (20),2011,population,69829.0,Census 2011 PCA
India,State - JHARKHAND (20),2011,population,15894.0,Census 2011 PCA
India,State - JHARKHAND (20),2011,population,9432.0,Census 2011 PCA
India,State - JHARKHAND (20),2011,population,5279.0,Census 2011 PCA
India,State - JHARKHAND (20),2011,population,5942.0,Census 2011 PCA
India,State - JHARKHAND (20),2011,population,21434.0,Census 2011 PCA
India,State - JHARKHAND (20),2011,population,6404.0,Census 2011 PCA
India,State - JHARKHAND (20),2011,population,2924.0,Census 2011 PCA
India,State - JHARKHAND (20),2011,population,3474.0,Census 2011 PCA
India,State - JHARKHAND (20),2011,population,3130.0,Census 2011 PCA
India,State - JHARKHAND (20),2011,population,14835.0,Census 2011 PCA
India,State - JHARKHAND (20),2011,population,3733.0,Census 2011 PCA
India,State - JHARKHAND (20),2011,population,2617.0,Census 2011 PCA
India,State - JHARKHAND (20),2011,population,1453.0,Census 2011 PCA
India,State - JHARKHAND (20),2011,population,1830.0,Census 2011 PCA
India,State - JHARKHAND (20),2011,population,5401.0,Census 2011 PCA
India,State - JHARKHAND (20),2011,population,2067.0,Census 2011 PCA
India,State - JHARKHAND (20),2011,population,1152.0,Census 2011 PCA
India,State - JHARKHAND (20),2011,population,1872.0,Census 2011 PCA
India,State - JHARKHAND (20),2011,population,1171.0,Census 2011 PCA
India,State - JHARKHAND (20),2011,population,8864.0,Census 2011 PCA
India,State - JHARKHAND (20),2011,population,116734.0,Census 2011 PCA
India,State - ODISHA (21),2011,population,41974218.0,Census 2011 PCA
India,State - ODISHA (21),2011,population,670909.0,Census 2011 PCA
India,State - ODISHA (21),2011,population,769827.0,Census 2011 PCA
India,State - ODISHA (21),2011,population,707887.0,Census 2011 PCA
India,State - ODISHA (21),2011,population,750616.0,Census 2011 PCA
India,State - ODISHA (21),2011,population,753790.0,Census 2011 PCA
India,State - ODISHA (21),2011,population,828111.0,Census 2011 PCA
India,State - ODISHA (21),2011,population,792054.0,Census 2011 PCA
India,State - ODISHA (21),2011,population,828124.0,Census 2011 PCA
India,State - ODISHA (21),2011,population,850364.0,Census 2011 PCA
India,State - ODISHA (21),2011,population,776115.0,Census 2011 PCA
India,State - ODISHA (21),2011,population,913606.0,Census 2011 PCA
India,State - ODISHA (21),2011,population,839933.0,Census 2011 PCA
India,State - ODISHA (21),2011,population,916799.0,Census 2011 PCA
India,State - ODISHA (21),2011,population,839473.0,Census 2011 PCA
India,State - ODISHA (21),2011,population,838814.0,Census 2011 PCA
India,State - ODISHA (21),2011,population,869586.0,Census 2011 PCA
India,State - ODISHA (21),2011,population,775052.0,Census 2011 PCA
India,State - ODISHA (21),2011,population,692046.0,Census 2011 PCA
India,State - ODISHA (21),2011,population,906416.0,Census 2011 PCA
India,State - ODISHA (21),2011,population,682298.0,Census 2011 PCA
India,State - ODISHA (21),2011,population,978031.0,Census 2011 PCA
India,State - ODISHA (21),2011,population,676995.0,Census 2011 PCA
India,State - ODISHA (21),2011,population,801401.0,Census 2011 PCA
India,State - ODISHA (21),2011,population,669413.0,Census 2011 PCA
India,State - ODISHA (21),2011,population,657687.0,Census 2011 PCA
India,State - ODISHA (21),2011,population,996710.0,Census 2011 PCA
India,State - ODISHA (21),2011,population,703464.0,Census 2011 PCA
India,State - ODISHA (21),2011,population,610902.0,Census 2011 PCA
India,State - ODISHA (21),2011,population,762125.0,Census 2011 PCA
India,State - ODISHA (21),2011,population,500836.0,Census 2011 PCA
India,State - ODISHA (21),2011,population,1056492.0,Census 2011 PCA
India,State - ODISHA (21),2011,population,487817.0,Census 2011 PCA
India,State - ODISHA (21),2011,population,605079.0,Census 2011 PCA
India,State - ODISHA (21),2011,population,457133.0,Census 2011 PCA
India,State - ODISHA (21),2011,population,496470.0,Census 2011 PCA
India,State - ODISHA (21),2011,population,1023976.0,Census 2011 PCA
India,State - ODISHA (21),2011,population,583520.0,Census 2011 PCA
India,State - ODISHA (21),2011,population,425817.0,Census 2011 PCA
India,State - ODISHA (21),2011,population,601446.0,Census 2011 PCA
India,State - ODISHA (21),2011,population,416429.0,Census 2011 PCA
India,State - ODISHA (21),2011,population,1018408.0,Census 2011 PCA
India,State - ODISHA (21),2011,population,457342.0,Census 2011 PCA
India,State - ODISHA (21),2011,population,505738.0,Census 2011 PCA
India,State - ODISHA (21),2011,population,347450.0,Census 2011 PCA
India,State - ODISHA (21),2011,population,362536.0,Census 2011 PCA
India,State - ODISHA (21),2011,population,866482.0,Census 2011 PCA
India,State - ODISHA (21),2011,population,443599.0,Census 2011 PCA
India,State - ODISHA (21),2011,population,310696.0,Census 2011 PCA
India,State - ODISHA (21),2011,population,430826.0,Census 2011 PCA
India,State - ODISHA (21),2011,population,282427.0,Census 2011 PCA
India,State - ODISHA (21),2011,population,784920.0,Census 2011 PCA
India,State - ODISHA (21),2011,population,320576.0,Census 2011 PCA
India,State - ODISHA (21),2011,population,307743.0,Census 2011 PCA
India,State - ODISHA (21),2011,population,204224.0,Census 2011 PCA
India,State - ODISHA (21),2011,population,230349.0,Census 2011 PCA
India,State - ODISHA (21),2011,population,585492.0,Census 2011 PCA
India,State - ODISHA (21),2011,population,290454.0,Census 2011 PCA
India,State - ODISHA (21),2011,population,182426.0,Census 2011 PCA
India,State - ODISHA (21),2011,population,244495.0,Census 2011 PCA
India,State - ODISHA (21),2011,population,180853.0,Census 2011 PCA
India,State - ODISHA (21),2011,population,668928.0,Census 2011 PCA
India,State - ODISHA (21),2011,population,259961.0,Census 2011 PCA
India,State - ODISHA (21),2011,population,250283.0,Census 2011 PCA
India,State - ODISHA (21),2011,population,145395.0,Census 2011 PCA
India,State - ODISHA (21),2011,population,149494.0,Census 2011 PCA
India,State - ODISHA (21),2011,population,471553.0,Census 2011 PCA
India,State - ODISHA (21),2011,population,180654.0,Census 2011 PCA
India,State - ODISHA (21),2011,population,100529.0,Census 2011 PCA
India,State - ODISHA (21),2011,population,127510.0,Census 2011 PCA
India,State - ODISHA (21),2011,population,99279.0,Census 2011 PCA
India,State - ODISHA (21),2011,population,425210.0,Census 2011 PCA
India,State - ODISHA (21),2011,population,129231.0,Census 2011 PCA
India,State - ODISHA (21),2011,population,102291.0,Census 2011 PCA
India,State - ODISHA (21),2011,population,53272.0,Census 2011 PCA
India,State - ODISHA (21),2011,population,58066.0,Census 2011 PCA
India,State - ODISHA (21),2011,population,184523.0,Census 2011 PCA
India,State - ODISHA (21),2011,population,70813.0,Census 2011 PCA
India,State - ODISHA (21),2011,population,35533.0,Census 2011 PCA
India,State - ODISHA (21),2011,population,41127.0,Census 2011 PCA
India,State - ODISHA (21),2011,population,32804.0,Census 2011 PCA
India,State - ODISHA (21),2011,population,141427.0,Census 2011 PCA
India,State - ODISHA (21),2011,population,41267.0,Census 2011 PCA
India,State - ODISHA (21),2011,population,25662.0,Census 2011 PCA
India,State - ODISHA (21),2011,population,13678.0,Census 2011 PCA
India,State - ODISHA (21),2011,population,14779.0,Census 2011 PCA
India,State - ODISHA (21),2011,population,43142.0,Census 2011 PCA
India,State - ODISHA (21),2011,population,15954.0,Census 2011 PCA
India,State - ODISHA (21),2011,population,7998.0,Census 2011 PCA
India,State - ODISHA (21),2011,population,7728.0,Census 2011 PCA
India,State - ODISHA (21),2011,population,6630.0,Census 2011 PCA
India,State - ODISHA (21),2011,population,26921.0,Census 2011 PCA
India,State - ODISHA (21),2011,population,7554.0,Census 2011 PCA
India,State - ODISHA (21),2011,population,4852.0,Census 2011 PCA
India,State - ODISHA (21),2011,population,2751.0,Census 2011 PCA
India,State - ODISHA (21),2011,population,2998.0,Census 2011 PCA
India,State - ODISHA (21),2011,population,7956.0,Census 2011 PCA
India,State - ODISHA (21),2011,population,3368.0,Census 2011 PCA
India,State - ODISHA (21),2011,population,2187.0,Census 2011 PCA
India,State - ODISHA (21),2011,population,3067.0,Census 2011 PCA
India,State - ODISHA (21),2011,population,1784.0,Census 2011 PCA
India,State - ODISHA (21),2011,population,16289.0,Census 2011 PCA
India,State - ODISHA (21),2011,population,119171.0,Census 2011 PCA
India,State - CHHATTISGARH (22),2011,population,25545198.0,Census 2011 PCA
India,State - CHHATTISGARH (22),2011,population,498242.0,Census 2011 PCA
India,State - CHHATTISGARH (22),2011,population,468402.0,Census 2011 PCA
India,State - CHHATTISGARH (22),2011,population,504467.0,Census 2011 PCA
India,State - CHHATTISGARH (22),2011,population,547284.0,Census 2011 PCA
India,State - CHHATTISGARH (22),2011,population,522670.0,Census 2011 PCA
India,State - CHHATTISGARH (22),2011,population,563788.0,Census 2011 PCA
India,State - CHHATTISGARH (22),2011,population,556836.0,Census 2011 PCA
India,State - CHHATTISGARH (22),2011,population,539435.0,Census 2011 PCA
India,State - CHHATTISGARH (22),2011,population,573965.0,Census 2011 PCA
India,State - CHHATTISGARH (22),2011,population,524734.0,Census 2011 PCA
India,State - CHHATTISGARH (22),2011,population,642376.0,Census 2011 PCA
India,State - CHHATTISGARH (22),2011,population,570607.0,Census 2011 PCA
India,State - CHHATTISGARH (22),2011,population,590890.0,Census 2011 PCA
India,State - CHHATTISGARH (22),2011,population,534300.0,Census 2011 PCA
India,State - CHHATTISGARH (22),2011,population,545840.0,Census 2011 PCA
India,State - CHHATTISGARH (22),2011,population,549690.0,Census 2011 PCA
India,State - CHHATTISGARH (22),2011,population,541224.0,Census 2011 PCA
India,State - CHHATTISGARH (22),2011,population,473687.0,Census 2011 PCA
India,State - CHHATTISGARH (22),2011,population,586627.0,Census 2011 PCA
India,State - CHHATTISGARH (22),2011,population,448614.0,Census 2011 PCA
India,State - CHHATTISGARH (22),2011,population,597426.0,Census 2011 PCA
India,State - CHHATTISGARH (22),2011,population,431371.0,Census 2011 PCA
India,State - CHHATTISGARH (22),2011,population,509061.0,Census 2011 PCA
India,State - CHHATTISGARH (22),2011,population,423959.0,Census 2011 PCA
India,State - CHHATTISGARH (22),2011,population,427680.0,Census 2011 PCA
India,State - CHHATTISGARH (22),2011,population,545177.0,Census 2011 PCA
India,State - CHHATTISGARH (22),2011,population,420174.0,Census 2011 PCA
India,State - CHHATTISGARH (22),2011,population,362048.0,Census 2011 PCA
India,State - CHHATTISGARH (22),2011,population,447832.0,Census 2011 PCA
India,State - CHHATTISGARH (22),2011,population,282069.0,Census 2011 PCA
India,State - CHHATTISGARH (22),2011,population,590911.0,Census 2011 PCA
India,State - CHHATTISGARH (22),2011,population,264699.0,Census 2011 PCA
India,State - CHHATTISGARH (22),2011,population,373807.0,Census 2011 PCA
India,State - CHHATTISGARH (22),2011,population,285862.0,Census 2011 PCA
India,State - CHHATTISGARH (22),2011,population,299779.0,Census 2011 PCA
India,State - CHHATTISGARH (22),2011,population,556017.0,Census 2011 PCA
India,State - CHHATTISGARH (22),2011,population,334500.0,Census 2011 PCA
India,State - CHHATTISGARH (22),2011,population,265970.0,Census 2011 PCA
India,State - CHHATTISGARH (22),2011,population,383869.0,Census 2011 PCA
India,State - CHHATTISGARH (22),2011,population,239058.0,Census 2011 PCA
India,State - CHHATTISGARH (22),2011,population,598939.0,Census 2011 PCA
India,State - CHHATTISGARH (22),2011,population,229989.0,Census 2011 PCA
India,State - CHHATTISGARH (22),2011,population,309440.0,Census 2011 PCA
India,State - CHHATTISGARH (22),2011,population,229703.0,Census 2011 PCA
India,State - CHHATTISGARH (22),2011,population,208482.0,Census 2011 PCA
India,State - CHHATTISGARH (22),2011,population,506454.0,Census 2011 PCA
India,State - CHHATTISGARH (22),2011,population,238024.0,Census 2011 PCA
India,State - CHHATTISGARH (22),2011,population,182272.0,Census 2011 PCA
India,State - CHHATTISGARH (22),2011,population,259596.0,Census 2011 PCA
India,State - CHHATTISGARH (22),2011,population,148028.0,Census 2011 PCA
India,State - CHHATTISGARH (22),2011,population,441449.0,Census 2011 PCA
India,State - CHHATTISGARH (22),2011,population,140319.0,Census 2011 PCA
India,State - CHHATTISGARH (22),2011,population,166405.0,Census 2011 PCA
India,State - CHHATTISGARH (22),2011,population,121370.0,Census 2011 PCA
India,State - CHHATTISGARH (22),2011,population,123404.0,Census 2011 PCA
India,State - CHHATTISGARH (22),2011,population,322778.0,Census 2011 PCA
India,State - CHHATTISGARH (22),2011,population,136906.0,Census 2011 PCA
India,State - CHHATTISGARH (22),2011,population,98039.0,Census 2011 PCA
India,State - CHHATTISGARH (22),2011,population,140706.0,Census 2011 PCA
India,State - CHHATTISGARH (22),2011,population,90924.0,Census 2011 PCA
India,State - CHHATTISGARH (22),2011,population,353052.0,Census 2011 PCA
India,State - CHHATTISGARH (22),2011,population,105834.0,Census 2011 PCA
India,State - CHHATTISGARH (22),2011,population,123142.0,Census 2011 PCA
India,State - CHHATTISGARH (22),2011,population,84255.0,Census 2011 PCA
India,State - CHHATTISGARH (22),2011,population,77459.0,Census 2011 PCA
India,State - CHHATTISGARH (22),2011,population,273277.0,Census 2011 PCA
India,State - CHHATTISGARH (22),2011,population,86521.0,Census 2011 PCA
India,State - CHHATTISGARH (22),2011,population,53324.0,Census 2011 PCA
India,State - CHHATTISGARH (22),2011,population,73642.0,Census 2011 PCA
India,State - CHHATTISGARH (22),2011,population,47046.0,Census 2011 PCA
India,State - CHHATTISGARH (22),2011,population,227661.0,Census 2011 PCA
India,State - CHHATTISGARH (22),2011,population,51736.0,Census 2011 PCA
India,State - CHHATTISGARH (22),2011,population,43623.0,Census 2011 PCA
India,State - CHHATTISGARH (22),2011,population,25060.0,Census 2011 PCA
India,State - CHHATTISGARH (22),2011,population,24920.0,Census 2011 PCA
India,State - CHHATTISGARH (22),2011,population,93850.0,Census 2011 PCA
India,State - CHHATTISGARH (22),2011,population,26791.0,Census 2011 PCA
India,State - CHHATTISGARH (22),2011,population,14355.0,Census 2011 PCA
India,State - CHHATTISGARH (22),2011,population,18390.0,Census 2011 PCA
India,State - CHHATTISGARH (22),2011,population,13192.0,Census 2011 PCA
India,State - CHHATTISGARH (22),2011,population,70488.0,Census 2011 PCA
India,State - CHHATTISGARH (22),2011,population,14788.0,Census 2011 PCA
India,State - CHHATTISGARH (22),2011,population,9407.0,Census 2011 PCA
India,State - CHHATTISGARH (22),2011,population,5605.0,Census 2011 PCA
India,State - CHHATTISGARH (22),2011,population,5723.0,Census 2011 PCA
India,State - CHHATTISGARH (22),2011,population,21005.0,Census 2011 PCA
India,State - CHHATTISGARH (22),2011,population,5790.0,Census 2011 PCA
India,State - CHHATTISGARH (22),2011,population,3100.0,Census 2011 PCA
India,State - CHHATTISGARH (22),2011,population,3573.0,Census 2011 PCA
India,State - CHHATTISGARH (22),2011,population,3093.0,Census 2011 PCA
India,State - CHHATTISGARH (22),2011,population,14163.0,Census 2011 PCA
India,State - CHHATTISGARH (22),2011,population,3711.0,Census 2011 PCA
India,State - CHHATTISGARH (22),2011,population,2863.0,Census 2011 PCA
India,State - CHHATTISGARH (22),2011,population,1901.0,Census 2011 PCA
India,State - CHHATTISGARH (22),2011,population,2247.0,Census 2011 PCA
India,State - CHHATTISGARH (22),2011,population,5048.0,Census 2011 PCA
India,State - CHHATTISGARH (22),2011,population,2296.0,Census 2011 PCA
India,State - CHHATTISGARH (22),2011,population,1532.0,Census 2011 PCA
India,State - CHHATTISGARH (22),2011,population,2290.0,Census 2011 PCA
India,State - CHHATTISGARH (22),2011,population,1151.0,Census 2011 PCA
India,State - CHHATTISGARH (22),2011,population,7005.0,Census 2011 PCA
India,State - CHHATTISGARH (22),2011,population,23115.0,Census 2011 PCA
India,State - MADHYA PRADESH (23),2011,population,72626809.0,Census 2011 PCA
India,State - MADHYA PRADESH (23),2011,population,1410287.0,Census 2011 PCA
India,State - MADHYA PRADESH (23),2011,population,1445277.0,Census 2011 PCA
India,State - MADHYA PRADESH (23),2011,population,1513349.0,Census 2011 PCA
India,State - MADHYA PRADESH (23),2011,population,1562682.0,Census 2011 PCA
India,State - MADHYA PRADESH (23),2011,population,1539691.0,Census 2011 PCA
India,State - MADHYA PRADESH (23),2011,population,1671006.0,Census 2011 PCA
India,State - MADHYA PRADESH (23),2011,population,1667103.0,Census 2011 PCA
India,State - MADHYA PRADESH (23),2011,population,1611608.0,Census 2011 PCA
India,State - MADHYA PRADESH (23),2011,population,1794192.0,Census 2011 PCA
India,State - MADHYA PRADESH (23),2011,population,1522546.0,Census 2011 PCA
India,State - MADHYA PRADESH (23),2011,population,1981094.0,Census 2011 PCA
India,State - MADHYA PRADESH (23),2011,population,1619727.0,Census 2011 PCA
India,State - MADHYA PRADESH (23),2011,population,1819616.0,Census 2011 PCA
India,State - MADHYA PRADESH (23),2011,population,1551079.0,Census 2011 PCA
India,State - MADHYA PRADESH (23),2011,population,1592985.0,Census 2011 PCA
India,State - MADHYA PRADESH (23),2011,population,1613080.0,Census 2011 PCA
India,State - MADHYA PRADESH (23),2011,population,1551453.0,Census 2011 PCA
India,State - MADHYA PRADESH (23),2011,population,1293143.0,Census 2011 PCA
India,State - MADHYA PRADESH (23),2011,population,1741842.0,Census 2011 PCA
India,State - MADHYA PRADESH (23),2011,population,1247271.0,Census 2011 PCA
India,State - MADHYA PRADESH (23),2011,population,1771303.0,Census 2011 PCA
India,State - MADHYA PRADESH (23),2011,population,1191915.0,Census 2011 PCA
India,State - MADHYA PRADESH (23),2011,population,1439163.0,Census 2011 PCA
India,State - MADHYA PRADESH (23),2011,population,1156612.0,Census 2011 PCA
India,State - MADHYA PRADESH (23),2011,population,1168586.0,Census 2011 PCA
India,State - MADHYA PRADESH (23),2011,population,1568221.0,Census 2011 PCA
India,State - MADHYA PRADESH (23),2011,population,1185802.0,Census 2011 PCA
India,State - MADHYA PRADESH (23),2011,population,921586.0,Census 2011 PCA
India,State - MADHYA PRADESH (23),2011,population,1338682.0,Census 2011 PCA
India,State - MADHYA PRADESH (23),2011,population,773215.0,Census 2011 PCA
India,State - MADHYA PRADESH (23),2011,population,1790488.0,Census 2011 PCA
India,State - MADHYA PRADESH (23),2011,population,754733.0,Census 2011 PCA
India,State - MADHYA PRADESH (23),2011,population,1064536.0,Census 2011 PCA
India,State - MADHYA PRADESH (23),2011,population,798561.0,Census 2011 PCA
India,State - MADHYA PRADESH (23),2011,population,806642.0,Census 2011 PCA
India,State - MADHYA PRADESH (23),2011,population,1594231.0,Census 2011 PCA
India,State - MADHYA PRADESH (23),2011,population,926094.0,Census 2011 PCA
India,State - MADHYA PRADESH (23),2011,population,655372.0,Census 2011 PCA
India,State - MADHYA PRADESH (23),2011,population,1065443.0,Census 2011 PCA
India,State - MADHYA PRADESH (23),2011,population,620531.0,Census 2011 PCA
India,State - MADHYA PRADESH (23),2011,population,1653892.0,Census 2011 PCA
India,State - MADHYA PRADESH (23),2011,population,626993.0,Census 2011 PCA
India,State - MADHYA PRADESH (23),2011,population,809644.0,Census 2011 PCA
India,State - MADHYA PRADESH (23),2011,population,582880.0,Census 2011 PCA
India,State - MADHYA PRADESH (23),2011,population,541065.0,Census 2011 PCA
India,State - MADHYA PRADESH (23),2011,population,1336613.0,Census 2011 PCA
India,State - MADHYA PRADESH (23),2011,population,635559.0,Census 2011 PCA
India,State - MADHYA PRADESH (23),2011,population,440610.0,Census 2011 PCA
India,State - MADHYA PRADESH (23),2011,population,717006.0,Census 2011 PCA
India,State - MADHYA PRADESH (23),2011,population,393173.0,Census 2011 PCA
India,State - MADHYA PRADESH (23),2011,population,1208045.0,Census 2011 PCA
India,State - MADHYA PRADESH (23),2011,population,406336.0,Census 2011 PCA
India,State - MADHYA PRADESH (23),2011,population,437366.0,Census 2011 PCA
India,State - MADHYA PRADESH (23),2011,population,317952.0,Census 2011 PCA
India,State - MADHYA PRADESH (23),2011,population,324673.0,Census 2011 PCA
India,State - MADHYA PRADESH (23),2011,population,840822.0,Census 2011 PCA
India,State - MADHYA PRADESH (23),2011,population,370205.0,Census 2011 PCA
India,State - MADHYA PRADESH (23),2011,population,230250.0,Census 2011 PCA
India,State - MADHYA PRADESH (23),2011,population,379400.0,Census 2011 PCA
India,State - MADHYA PRADESH (23),2011,population,237400.0,Census 2011 PCA
India,State - MADHYA PRADESH (23),2011,population,955608.0,Census 2011 PCA
India,State - MADHYA PRADESH (23),2011,population,302499.0,Census 2011 PCA
India,State - MADHYA PRADESH (23),2011,population,315668.0,Census 2011 PCA
India,State - MADHYA PRADESH (23),2011,population,217609.0,Census 2011 PCA
India,State - MADHYA PRADESH (23),2011,population,196026.0,Census 2011 PCA
India,State - MADHYA PRADESH (23),2011,population,715505.0,Census 2011 PCA
India,State - MADHYA PRADESH (23),2011,population,241674.0,Census 2011 PCA
India,State - MADHYA PRADESH (23),2011,population,129516.0,Census 2011 PCA
India,State - MADHYA PRADESH (23),2011,population,206667.0,Census 2011 PCA
India,State - MADHYA PRADESH (23),2011,population,133699.0,Census 2011 PCA
India,State - MADHYA PRADESH (23),2011,population,663358.0,Census 2011 PCA
India,State - MADHYA PRADESH (23),2011,population,172534.0,Census 2011 PCA
India,State - MADHYA PRADESH (23),2011,population,124263.0,Census 2011 PCA
India,State - MADHYA PRADESH (23),2011,population,73410.0,Census 2011 PCA
India,State - MADHYA PRADESH (23),2011,population,73856.0,Census 2011 PCA
India,State - MADHYA PRADESH (23),2011,population,290157.0,Census 2011 PCA
India,State - MADHYA PRADESH (23),2011,population,90639.0,Census 2011 PCA
India,State - MADHYA PRADESH (23),2011,population,40918.0,Census 2011 PCA
India,State - MADHYA PRADESH (23),2011,population,58829.0,Census 2011 PCA
India,State - MADHYA PRADESH (23),2011,population,42812.0,Census 2011 PCA
India,State - MADHYA PRADESH (23),2011,population,239703.0,Census 2011 PCA
India,State - MADHYA PRADESH (23),2011,population,59282.0,Census 2011 PCA
India,State - MADHYA PRADESH (23),2011,population,31691.0,Census 2011 PCA
India,State - MADHYA PRADESH (23),2011,population,18729.0,Census 2011 PCA
India,State - MADHYA PRADESH (23),2011,population,19761.0,Census 2011 PCA
India,State - MADHYA PRADESH (23),2011,population,74941.0,Census 2011 PCA
India,State - MADHYA PRADESH (23),2011,population,23807.0,Census 2011 PCA
India,State - MADHYA PRADESH (23),2011,population,10003.0,Census 2011 PCA
India,State - MADHYA PRADESH (23),2011,population,12841.0,Census 2011 PCA
India,State - MADHYA PRADESH (23),2011,population,10903.0,Census 2011 PCA
India,State - MADHYA PRADESH (23),2011,population,56407.0,Census 2011 PCA
India,State - MADHYA PRADESH (23),2011,population,15400.0,Census 2011 PCA
India,State - MADHYA PRADESH (23),2011,population,8545.0,Census 2011 PCA
India,State - MADHYA PRADESH (23),2011,population,5573.0,Census 2011 PCA
India,State - MADHYA PRADESH (23),2011,population,6539.0,Census 2011 PCA
India,State - MADHYA PRADESH (23),2011,population,18617.0,Census 2011 PCA
India,State - MADHYA PRADESH (23),2011,population,7800.0,Census 2011 PCA
India,State - MADHYA PRADESH (23),2011,population,4369.0,Census 2011 PCA
India,State - MADHYA PRADESH (23),2011,population,6831.0,Census 2011 PCA
India,State - MADHYA PRADESH (23),2011,population,4155.0,Census 2011 PCA
India,State - MADHYA PRADESH (23),2011,population,32172.0,Census 2011 PCA
India,State - MADHYA PRADESH (23),2011,population,82862.0,Census 2011 PCA
India,State - GUJARAT (24),2011,population,60439692.0,Census 2011 PCA
India,State - GUJARAT (24),2011,population,960867.0,Census 2011 PCA
India,State - GUJARAT (24),2011,population,1119545.0,Census 2011 PCA
India,State - GUJARAT (24),2011,population,1116718.0,Census 2011 PCA
India,State - GUJARAT (24),2011,population,1123762.0,Census 2011 PCA
India,State - GUJARAT (24),2011,population,1139440.0,Census 2011 PCA
India,State - GUJARAT (24),2011,population,1185366.0,Census 2011 PCA
India,State - GUJARAT (24),2011,population,1131564.0,Census 2011 PCA
India,State - GUJARAT (24),2011,population,1206246.0,Census 2011 PCA
India,State - GUJARAT (24),2011,population,1178323.0,Census 2011 PCA
India,State - GUJARAT (24),2011,population,1134337.0,Census 2011 PCA
India,State - GUJARAT (24),2011,population,1311960.0,Census 2011 PCA
India,State - GUJARAT (24),2011,population,1236591.0,Census 2011 PCA
India,State - GUJARAT (24),2011,population,1245225.0,Census 2011 PCA
India,State - GUJARAT (24),2011,population,1180511.0,Census 2011 PCA
India,State - GUJARAT (24),2011,population,1175158.0,Census 2011 PCA
India,State - GUJARAT (24),2011,population,1221988.0,Census 2011 PCA
India,State - GUJARAT (24),2011,population,1148027.0,Census 2011 PCA
India,State - GUJARAT (24),2011,population,1100940.0,Census 2011 PCA
India,State - GUJARAT (24),2011,population,1297444.0,Census 2011 PCA
India,State - GUJARAT (24),2011,population,1097361.0,Census 2011 PCA
India,State - GUJARAT (24),2011,population,1398383.0,Census 2011 PCA
India,State - GUJARAT (24),2011,population,1089080.0,Census 2011 PCA
India,State - GUJARAT (24),2011,population,1179944.0,Census 2011 PCA
India,State - GUJARAT (24),2011,population,1052828.0,Census 2011 PCA
India,State - GUJARAT (24),2011,population,1060487.0,Census 2011 PCA
India,State - GUJARAT (24),2011,population,1331560.0,Census 2011 PCA
India,State - GUJARAT (24),2011,population,1046281.0,Census 2011 PCA
India,State - GUJARAT (24),2011,population,929968.0,Census 2011 PCA
India,State - GUJARAT (24),2011,population,1123466.0,Census 2011 PCA
India,State - GUJARAT (24),2011,population,847547.0,Census 2011 PCA
India,State - GUJARAT (24),2011,population,1413815.0,Census 2011 PCA
India,State - GUJARAT (24),2011,population,813586.0,Census 2011 PCA
India,State - GUJARAT (24),2011,population,959612.0,Census 2011 PCA
India,State - GUJARAT (24),2011,population,771186.0,Census 2011 PCA
India,State - GUJARAT (24),2011,population,812329.0,Census 2011 PCA
India,State - GUJARAT (24),2011,population,1262762.0,Census 2011 PCA
India,State - GUJARAT (24),2011,population,827772.0,Census 2011 PCA
India,State - GUJARAT (24),2011,population,684864.0,Census 2011 PCA
India,State - GUJARAT (24),2011,population,895890.0,Census 2011 PCA
India,State - GUJARAT (24),2011,population,669937.0,Census 2011 PCA
India,State - GUJARAT (24),2011,population,1260943.0,Census 2011 PCA
India,State - GUJARAT (24),2011,population,647040.0,Census 2011 PCA
India,State - GUJARAT (24),2011,population,776197.0,Census 2011 PCA
India,State - GUJARAT (24),2011,population,584549.0,Census 2011 PCA
India,State - GUJARAT (24),2011,population,596747.0,Census 2011 PCA
India,State - GUJARAT (24),2011,population,1076760.0,Census 2011 PCA
India,State - GUJARAT (24),2011,population,600694.0,Census 2011 PCA
India,State - GUJARAT (24),2011,population,502074.0,Census 2011 PCA
India,State - GUJARAT (24),2011,population,652405.0,Census 2011 PCA
India,State - GUJARAT (24),2011,population,482080.0,Census 2011 PCA
India,State - GUJARAT (24),2011,population,977597.0,Census 2011 PCA
India,State - GUJARAT (24),2011,population,453595.0,Census 2011 PCA
India,State - GUJARAT (24),2011,population,490853.0,Census 2011 PCA
India,State - GUJARAT (24),2011,population,378031.0,Census 2011 PCA
India,State - GUJARAT (24),2011,population,397107.0,Census 2011 PCA
India,State - GUJARAT (24),2011,population,695613.0,Census 2011 PCA
India,State - GUJARAT (24),2011,population,383662.0,Census 2011 PCA
India,State - GUJARAT (24),2011,population,294418.0,Census 2011 PCA
India,State - GUJARAT (24),2011,population,386459.0,Census 2011 PCA
India,State - GUJARAT (24),2011,population,294795.0,Census 2011 PCA
India,State - GUJARAT (24),2011,population,730129.0,Census 2011 PCA
India,State - GUJARAT (24),2011,population,284292.0,Census 2011 PCA
India,State - GUJARAT (24),2011,population,288337.0,Census 2011 PCA
India,State - GUJARAT (24),2011,population,218392.0,Census 2011 PCA
India,State - GUJARAT (24),2011,population,206602.0,Census 2011 PCA
India,State - GUJARAT (24),2011,population,509712.0,Census 2011 PCA
India,State - GUJARAT (24),2011,population,199332.0,Census 2011 PCA
India,State - GUJARAT (24),2011,population,134935.0,Census 2011 PCA
India,State - GUJARAT (24),2011,population,182352.0,Census 2011 PCA
India,State - GUJARAT (24),2011,population,143741.0,Census 2011 PCA
India,State - GUJARAT (24),2011,population,464620.0,Census 2011 PCA
India,State - GUJARAT (24),2011,population,149830.0,Census 2011 PCA
India,State - GUJARAT (24),2011,population,124793.0,Census 2011 PCA
India,State - GUJARAT (24),2011,population,80045.0,Census 2011 PCA
India,State - GUJARAT (24),2011,population,80389.0,Census 2011 PCA
India,State - GUJARAT (24),2011,population,210973.0,Census 2011 PCA
India,State - GUJARAT (24),2011,population,76990.0,Census 2011 PCA
India,State - GUJARAT (24),2011,population,48111.0,Census 2011 PCA
India,State - GUJARAT (24),2011,population,57683.0,Census 2011 PCA
India,State - GUJARAT (24),2011,population,46239.0,Census 2011 PCA
India,State - GUJARAT (24),2011,population,174171.0,Census 2011 PCA
India,State - GUJARAT (24),2011,population,48468.0,Census 2011 PCA
India,State - GUJARAT (24),2011,population,32177.0,Census 2011 PCA
India,State - GUJARAT (24),2011,population,20589.0,Census 2011 PCA
India,State - GUJARAT (24),2011,population,20424.0,Census 2011 PCA
India,State - GUJARAT (24),2011,population,60571.0,Census 2011 PCA
India,State - GUJARAT (24),2011,population,19836.0,Census 2011 PCA
India,State - GUJARAT (24),2011,population,10717.0,Census 2011 PCA
India,State - GUJARAT (24),2011,population,11414.0,Census 2011 PCA
India,State - GUJARAT (24),2011,population,10540.0,Census 2011 PCA
India,State - GUJARAT (24),2011,population,39349.0,Census 2011 PCA
India,State - GUJARAT (24),2011,population,12798.0,Census 2011 PCA
India,State - GUJARAT (24),2011,population,9513.0,Census 2011 PCA
India,State - GUJARAT (24),2011,population,6082.0,Census 2011 PCA
India,State - GUJARAT (24),2011,population,6591.0,Census 2011 PCA
India,State - GUJARAT (24),2011,population,15718.0,Census 2011 PCA
India,State - GUJARAT (24),2011,population,6888.0,Census 2011 PCA
India,State - GUJARAT (24),2011,population,4859.0,Census 2011 PCA
India,State - GUJARAT (24),2011,population,6833.0,Census 2011 PCA
India,State - GUJARAT (24),2011,population,4423.0,Census 2011 PCA
India,State - GUJARAT (24),2011,population,27101.0,Census 2011 PCA
India,State - GUJARAT (24),2011,population,238844.0,Census 2011 PCA
India,State - DAMAN & DIU (25),2011,population,243247.0,Census 2011 PCA
India,State - DAMAN & DIU (25),2011,population,3183.0,Census 2011 PCA
India,State - DAMAN & DIU (25),2011,population,3859.0,Census 2011 PCA
India,State - DAMAN & DIU (25),2011,population,4044.0,Census 2011 PCA
India,State - DAMAN & DIU (25),2011,population,4089.0,Census 2011 PCA
India,State - DAMAN & DIU (25),2011,population,3983.0,Census 2011 PCA
India,State - DAMAN & DIU (25),2011,population,3990.0,Census 2011 PCA
India,State - DAMAN & DIU (25),2011,population,3786.0,Census 2011 PCA
India,State - DAMAN & DIU (25),2011,population,3770.0,Census 2011 PCA
India,State - DAMAN & DIU (25),2011,population,3648.0,Census 2011 PCA
India,State - DAMAN & DIU (25),2011,population,3312.0,Census 2011 PCA
India,State - DAMAN & DIU (25),2011,population,3732.0,Census 2011 PCA
India,State - DAMAN & DIU (25),2011,population,3597.0,Census 2011 PCA
India,State - DAMAN & DIU (25),2011,population,3378.0,Census 2011 PCA
India,State - DAMAN & DIU (25),2011,population,3289.0,Census 2011 PCA
India,State - DAMAN & DIU (25),2011,population,3325.0,Census 2011 PCA
India,State - DAMAN & DIU (25),2011,population,3550.0,Census 2011 PCA
India,State - DAMAN & DIU (25),2011,population,3876.0,Census 2011 PCA
India,State - DAMAN & DIU (25),2011,population,4511.0,Census 2011 PCA
India,State - DAMAN & DIU (25),2011,population,7599.0,Census 2011 PCA
India,State - DAMAN & DIU (25),2011,population,6778.0,Census 2011 PCA
India,State - DAMAN & DIU (25),2011,population,9389.0,Census 2011 PCA
India,State - DAMAN & DIU (25),2011,population,6868.0,Census 2011 PCA
India,State - DAMAN & DIU (25),2011,population,8639.0,Census 2011 PCA
India,State - DAMAN & DIU (25),2011,population,6690.0,Census 2011 PCA
India,State - DAMAN & DIU (25),2011,population,6998.0,Census 2011 PCA
India,State - DAMAN & DIU (25),2011,population,9382.0,Census 2011 PCA
India,State - DAMAN & DIU (25),2011,population,6837.0,Census 2011 PCA
India,State - DAMAN & DIU (25),2011,population,5519.0,Census 2011 PCA
India,State - DAMAN & DIU (25),2011,population,6677.0,Census 2011 PCA
India,State - DAMAN & DIU (25),2011,population,4766.0,Census 2011 PCA
India,State - DAMAN & DIU (25),2011,population,8048.0,Census 2011 PCA
India,State - DAMAN & DIU (25),2011,population,4042.0,Census 2011 PCA
India,State - DAMAN & DIU (25),2011,population,4757.0,Census 2011 PCA
India,State - DAMAN & DIU (25),2011,population,3367.0,Census 2011 PCA
India,State - DAMAN & DIU (25),2011,population,3817.0,Census 2011 PCA
India,State - DAMAN & DIU (25),2011,population,6491.0,Census 2011 PCA
India,State - DAMAN & DIU (25),2011,population,3845.0,Census 2011 PCA
India,State - DAMAN & DIU (25),2011,population,2922.0,Census 2011 PCA
India,State - DAMAN & DIU (25),2011,population,3458.0,Census 2011 PCA
India,State - DAMAN & DIU (25),2011,population,2834.0,Census 2011 PCA
India,State - DAMAN & DIU (25),2011,population,4779.0,Census 2011 PCA
India,State - DAMAN & DIU (25),2011,population,2437.0,Census 2011 PCA
India,State - DAMAN & DIU (25),2011,population,2529.0,Census 2011 PCA
India,State - DAMAN & DIU (25),2011,population,1975.0,Census 2011 PCA
India,State - DAMAN & DIU (25),2011,population,1881.0,Census 2011 PCA
India,State - DAMAN & DIU (25),2011,population,3153.0,Census 2011 PCA
India,State - DAMAN & DIU (25),2011,population,1816.0,Census 2011 PCA
India,State - DAMAN & DIU (25),2011,population,1562.0,Census 2011 PCA
India,State - DAMAN & DIU (25),2011,population,1617.0,Census 2011 PCA
India,State - DAMAN & DIU (25),2011,population,1470.0,Census 2011 PCA
India,State - DAMAN & DIU (25),2011,population,2255.0,Census 2011 PCA
India,State - DAMAN & DIU (25),2011,population,1208.0,Census 2011 PCA
India,State - DAMAN & DIU (25),2011,population,1146.0,Census 2011 PCA
India,State - DAMAN & DIU (25),2011,population,968.0,Census 2011 PCA
India,State - DAMAN & DIU (25),2011,population,1033.0,Census 2011 PCA
India,State - DAMAN & DIU (25),2011,population,1472.0,Census 2011 PCA
India,State - DAMAN & DIU (25),2011,population,1061.0,Census 2011 PCA
India,State - DAMAN & DIU (25),2011,population,845.0,Census 2011 PCA
India,State - DAMAN & DIU (25),2011,population,868.0,Census 2011 PCA
India,State - DAMAN & DIU (25),2011,population,810.0,Census 2011 PCA
India,State - DAMAN & DIU (25),2011,population,1533.0,Census 2011 PCA
India,State - DAMAN & DIU (25),2011,population,822.0,Census 2011 PCA
India,State - DAMAN & DIU (25),2011,population,715.0,Census 2011 PCA
India,State - DAMAN & DIU (25),2011,population,642.0,Census 2011 PCA
India,State - DAMAN & DIU (25),2011,population,596.0,Census 2011 PCA
India,State - DAMAN & DIU (25),2011,population,1000.0,Census 2011 PCA
India,State - DAMAN & DIU (25),2011,population,544.0,Census 2011 PCA
India,State - DAMAN & DIU (25),2011,population,398.0,Census 2011 PCA
India,State - DAMAN & DIU (25),2011,population,474.0,Census 2011 PCA
India,State - DAMAN & DIU (25),2011,population,337.0,Census 2011 PCA
India,State - DAMAN & DIU (25),2011,population,865.0,Census 2011 PCA
India,State - DAMAN & DIU (25),2011,population,375.0,Census 2011 PCA
India,State - DAMAN & DIU (25),2011,population,321.0,Census 2011 PCA
India,State - DAMAN & DIU (25),2011,population,280.0,Census 2011 PCA
India,State - DAMAN & DIU (25),2011,population,262.0,Census 2011 PCA
India,State - DAMAN & DIU (25),2011,population,410.0,Census 2011 PCA
India,State - DAMAN & DIU (25),2011,population,204.0,Census 2011 PCA
India,State - DAMAN & DIU (25),2011,population,154.0,Census 2011 PCA
India,State - DAMAN & DIU (25),2011,population,155.0,Census 2011 PCA
India,State - DAMAN & DIU (25),2011,population,144.0,Census 2011 PCA
India,State - DAMAN & DIU (25),2011,population,276.0,Census 2011 PCA
India,State - DAMAN & DIU (25),2011,population,119.0,Census 2011 PCA
India,State - DAMAN & DIU (25),2011,population,95.0,Census 2011 PCA
India,State - DAMAN & DIU (25),2011,population,72.0,Census 2011 PCA
India,State - DAMAN & DIU (25),2011,population,73.0,Census 2011 PCA
India,State - DAMAN & DIU (25),2011,population,98.0,Census 2011 PCA
India,State - DAMAN & DIU (25),2011,population,48.0,Census 2011 PCA
India,State - DAMAN & DIU (25),2011,population,39.0,Census 2011 PCA
India,State - DAMAN & DIU (25),2011,population,26.0,Census 2011 PCA
India,State - DAMAN & DIU (25),2011,population,28.0,Census 2011 PCA
India,State - DAMAN & DIU (25),2011,population,52.0,Census 2011 PCA
India,State - DAMAN & DIU (25),2011,population,30.0,Census 2011 PCA
India,State - DAMAN & DIU (25),2011,population,27.0,Census 2011 PCA
India,State - DAMAN & DIU (25),2011,population,12.0,Census 2011 PCA
India,State - DAMAN & DIU (25),2011,population,11.0,Census 2011 PCA
India,State - DAMAN & DIU (25),2011,population,22.0,Census 2011 PCA
India,State - DAMAN & DIU (25),2011,population,19.0,Census 2011 PCA
India,State - DAMAN & DIU (25),2011,population,9.0,Census 2011 PCA
India,State - DAMAN & DIU (25),2011,population,10.0,Census 2011 PCA
India,State - DAMAN & DIU (25),2011,population,7.0,Census 2011 PCA
India,State - DAMAN & DIU (25),2011,population,57.0,Census 2011 PCA
India,State - DAMAN & DIU (25),2011,population,356.0,Census 2011 PCA
India,State - DADRA & NAGAR HAVELI (26),2011,population,343709.0,Census 2011 PCA
India,State - DADRA & NAGAR HAVELI (26),2011,population,6194.0,Census 2011 PCA
India,State - DADRA & NAGAR HAVELI (26),2011,population,7446.0,Census 2011 PCA
India,State - DADRA & NAGAR HAVELI (26),2011,population,7709.0,Census 2011 PCA
India,State - DADRA & NAGAR HAVELI (26),2011,population,7598.0,Census 2011 PCA
India,State - DADRA & NAGAR HAVELI (26),2011,population,7614.0,Census 2011 PCA
India,State - DADRA & NAGAR HAVELI (26),2011,population,7427.0,Census 2011 PCA
India,State - DADRA & NAGAR HAVELI (26),2011,population,6907.0,Census 2011 PCA
India,State - DADRA & NAGAR HAVELI (26),2011,population,7493.0,Census 2011 PCA
India,State - DADRA & NAGAR HAVELI (26),2011,population,7482.0,Census 2011 PCA
India,State - DADRA & NAGAR HAVELI (26),2011,population,6940.0,Census 2011 PCA
India,State - DADRA & NAGAR HAVELI (26),2011,population,7835.0,Census 2011 PCA
India,State - DADRA & NAGAR HAVELI (26),2011,population,7397.0,Census 2011 PCA
India,State - DADRA & NAGAR HAVELI (26),2011,population,6853.0,Census 2011 PCA
India,State - DADRA & NAGAR HAVELI (26),2011,population,6728.0,Census 2011 PCA
India,State - DADRA & NAGAR HAVELI (26),2011,population,6190.0,Census 2011 PCA
India,State - DADRA & NAGAR HAVELI (26),2011,population,6048.0,Census 2011 PCA
India,State - DADRA & NAGAR HAVELI (26),2011,population,5665.0,Census 2011 PCA
India,State - DADRA & NAGAR HAVELI (26),2011,population,5682.0,Census 2011 PCA
India,State - DADRA & NAGAR HAVELI (26),2011,population,8075.0,Census 2011 PCA
India,State - DADRA & NAGAR HAVELI (26),2011,population,7634.0,Census 2011 PCA
India,State - DADRA & NAGAR HAVELI (26),2011,population,9911.0,Census 2011 PCA
India,State - DADRA & NAGAR HAVELI (26),2011,population,8276.0,Census 2011 PCA
India,State - DADRA & NAGAR HAVELI (26),2011,population,9656.0,Census 2011 PCA
India,State - DADRA & NAGAR HAVELI (26),2011,population,7785.0,Census 2011 PCA
India,State - DADRA & NAGAR HAVELI (26),2011,population,8673.0,Census 2011 PCA
India,State - DADRA & NAGAR HAVELI (26),2011,population,10524.0,Census 2011 PCA
India,State - DADRA & NAGAR HAVELI (26),2011,population,8398.0,Census 2011 PCA
India,State - DADRA & NAGAR HAVELI (26),2011,population,7002.0,Census 2011 PCA
India,State - DADRA & NAGAR HAVELI (26),2011,population,7913.0,Census 2011 PCA
India,State - DADRA & NAGAR HAVELI (26),2011,population,6048.0,Census 2011 PCA
India,State - DADRA & NAGAR HAVELI (26),2011,population,9354.0,Census 2011 PCA
India,State - DADRA & NAGAR HAVELI (26),2011,population,5670.0,Census 2011 PCA
India,State - DADRA & NAGAR HAVELI (26),2011,population,5845.0,Census 2011 PCA
India,State - DADRA & NAGAR HAVELI (26),2011,population,4660.0,Census 2011 PCA
India,State - DADRA & NAGAR HAVELI (26),2011,population,5112.0,Census 2011 PCA
India,State - DADRA & NAGAR HAVELI (26),2011,population,7761.0,Census 2011 PCA
India,State - DADRA & NAGAR HAVELI (26),2011,population,4862.0,Census 2011 PCA
India,State - DADRA & NAGAR HAVELI (26),2011,population,4140.0,Census 2011 PCA
India,State - DADRA & NAGAR HAVELI (26),2011,population,4853.0,Census 2011 PCA
India,State - DADRA & NAGAR HAVELI (26),2011,population,3661.0,Census 2011 PCA
India,State - DADRA & NAGAR HAVELI (26),2011,population,6128.0,Census 2011 PCA
India,State - DADRA & NAGAR HAVELI (26),2011,population,3339.0,Census 2011 PCA
India,State - DADRA & NAGAR HAVELI (26),2011,population,3335.0,Census 2011 PCA
India,State - DADRA & NAGAR HAVELI (26),2011,population,2829.0,Census 2011 PCA
India,State - DADRA & NAGAR HAVELI (26),2011,population,2550.0,Census 2011 PCA
India,State - DADRA & NAGAR HAVELI (26),2011,population,4561.0,Census 2011 PCA
India,State - DADRA & NAGAR HAVELI (26),2011,population,2586.0,Census 2011 PCA
India,State - DADRA & NAGAR HAVELI (26),2011,population,2029.0,Census 2011 PCA
India,State - DADRA & NAGAR HAVELI (26),2011,population,2635.0,Census 2011 PCA
India,State - DADRA & NAGAR HAVELI (26),2011,population,1978.0,Census 2011 PCA
India,State - DADRA & NAGAR HAVELI (26),2011,population,3429.0,Census 2011 PCA
India,State - DADRA & NAGAR HAVELI (26),2011,population,1788.0,Census 2011 PCA
India,State - DADRA & NAGAR HAVELI (26),2011,population,1630.0,Census 2011 PCA
India,State - DADRA & NAGAR HAVELI (26),2011,population,1307.0,Census 2011 PCA
India,State - DADRA & NAGAR HAVELI (26),2011,population,1349.0,Census 2011 PCA
India,State - DADRA & NAGAR HAVELI (26),2011,population,2357.0,Census 2011 PCA
India,State - DADRA & NAGAR HAVELI (26),2011,population,1288.0,Census 2011 PCA
India,State - DADRA & NAGAR HAVELI (26),2011,population,915.0,Census 2011 PCA
India,State - DADRA & NAGAR HAVELI (26),2011,population,1354.0,Census 2011 PCA
India,State - DADRA & NAGAR HAVELI (26),2011,population,1037.0,Census 2011 PCA
India,State - DADRA & NAGAR HAVELI (26),2011,population,2298.0,Census 2011 PCA
India,State - DADRA & NAGAR HAVELI (26),2011,population,1071.0,Census 2011 PCA
India,State - DADRA & NAGAR HAVELI (26),2011,population,986.0,Census 2011 PCA
India,State - DADRA & NAGAR HAVELI (26),2011,population,773.0,Census 2011 PCA
India,State - DADRA & NAGAR HAVELI (26),2011,population,703.0,Census 2011 PCA
India,State - DADRA & NAGAR HAVELI (26),2011,population,1616.0,Census 2011 PCA
India,State - DADRA & NAGAR HAVELI (26),2011,population,694.0,Census 2011 PCA
India,State - DADRA & NAGAR HAVELI (26),2011,population,420.0,Census 2011 PCA
India,State - DADRA & NAGAR HAVELI (26),2011,population,546.0,Census 2011 PCA
India,State - DADRA & NAGAR HAVELI (26),2011,population,440.0,Census 2011 PCA
India,State - DADRA & NAGAR HAVELI (26),2011,population,1147.0,Census 2011 PCA
India,State - DADRA & NAGAR HAVELI (26),2011,population,466.0,Census 2011 PCA
India,State - DADRA & NAGAR HAVELI (26),2011,population,292.0,Census 2011 PCA
India,State - DADRA & NAGAR HAVELI (26),2011,population,228.0,Census 2011 PCA
India,State - DADRA & NAGAR HAVELI (26),2011,population,176.0,Census 2011 PCA
India,State - DADRA & NAGAR HAVELI (26),2011,population,435.0,Census 2011 PCA
India,State - DADRA & NAGAR HAVELI (26),2011,population,179.0,Census 2011 PCA
India,State - DADRA & NAGAR HAVELI (26),2011,population,113.0,Census 2011 PCA
India,State - DADRA & NAGAR HAVELI (26),2011,population,111.0,Census 2011 PCA
India,State - DADRA & NAGAR HAVELI (26),2011,population,120.0,Census 2011 PCA
India,State - DADRA & NAGAR HAVELI (26),2011,population,277.0,Census 2011 PCA
India,State - DADRA & NAGAR HAVELI (26),2011,population,100.0,Census 2011 PCA
India,State - DADRA & NAGAR HAVELI (26),2011,population,79.0,Census 2011 PCA
India,State - DADRA & NAGAR HAVELI (26),2011,population,53.0,Census 2011 PCA
India,State - DADRA & NAGAR HAVELI (26),2011,population,37.0,Census 2011 PCA
India,State - DADRA & NAGAR HAVELI (26),2011,population,106.0,Census 2011 PCA
India,State - DADRA & NAGAR HAVELI (26),2011,population,58.0,Census 2011 PCA
India,State - DADRA & NAGAR HAVELI (26),2011,population,19.0,Census 2011 PCA
India,State - DADRA & NAGAR HAVELI (26),2011,population,27.0,Census 2011 PCA
India,State - DADRA & NAGAR HAVELI (26),2011,population,27.0,Census 2011 PCA
India,State - DADRA & NAGAR HAVELI (26),2011,population,64.0,Census 2011 PCA
India,State - DADRA & NAGAR HAVELI (26),2011,population,19.0,Census 2011 PCA
India,State - DADRA & NAGAR HAVELI (26),2011,population,25.0,Census 2011 PCA
India,State - DADRA & NAGAR HAVELI (26),2011,population,15.0,Census 2011 PCA
India,State - DADRA & NAGAR HAVELI (26),2011,population,17.0,Census 2011 PCA
India,State - DADRA & NAGAR HAVELI (26),2011,population,25.0,Census 2011 PCA
India,State - DADRA & NAGAR HAVELI (26),2011,population,20.0,Census 2011 PCA
India,State - DADRA & NAGAR HAVELI (26),2011,population,20.0,Census 2011 PCA
India,State - DADRA & NAGAR HAVELI (26),2011,population,15.0,Census 2011 PCA
India,State - DADRA & NAGAR HAVELI (26),2011,population,6.0,Census 2011 PCA
India,State - DADRA & NAGAR HAVELI (26),2011,population,69.0,Census 2011 PCA
India,State - DADRA & NAGAR HAVELI (26),2011,population,372.0,Census 2011 PCA
India,State - MAHARASHTRA (27),2011,population,112374333.0,Census 2011 PCA
India,State - MAHARASHTRA (27),2011,population,1775560.0,Census 2011 PCA
India,State - MAHARASHTRA (27),2011,population,1926342.0,Census 2011 PCA
India,State - MAHARASHTRA (27),2011,population,1888543.0,Census 2011 PCA
India,State - MAHARASHTRA (27),2011,population,1895221.0,Census 2011 PCA
India,State - MAHARASHTRA (27),2011,population,1876360.0,Census 2011 PCA
India,State - MAHARASHTRA (27),2011,population,2010382.0,Census 2011 PCA
India,State - MAHARASHTRA (27),2011,population,1954109.0,Census 2011 PCA
India,State - MAHARASHTRA (27),2011,population,1961711.0,Census 2011 PCA
India,State - MAHARASHTRA (27),2011,population,1935680.0,Census 2011 PCA
India,State - MAHARASHTRA (27),2011,population,1958772.0,Census 2011 PCA
India,State - MAHARASHTRA (27),2011,population,2317339.0,Census 2011 PCA
India,State - MAHARASHTRA (27),2011,population,2163710.0,Census 2011 PCA
India,State - MAHARASHTRA (27),2011,population,2101229.0,Census 2011 PCA
India,State - MAHARASHTRA (27),2011,population,2072737.0,Census 2011 PCA
India,State - MAHARASHTRA (27),2011,population,2079520.0,Census 2011 PCA
India,State - MAHARASHTRA (27),2011,population,2118780.0,Census 2011 PCA
India,State - MAHARASHTRA (27),2011,population,2088367.0,Census 2011 PCA
India,State - MAHARASHTRA (27),2011,population,1987095.0,Census 2011 PCA
India,State - MAHARASHTRA (27),2011,population,2377052.0,Census 2011 PCA
India,State - MAHARASHTRA (27),2011,population,2055973.0,Census 2011 PCA
India,State - MAHARASHTRA (27),2011,population,2592525.0,Census 2011 PCA
India,State - MAHARASHTRA (27),2011,population,2118952.0,Census 2011 PCA
India,State - MAHARASHTRA (27),2011,population,2330053.0,Census 2011 PCA
India,State - MAHARASHTRA (27),2011,population,1996850.0,Census 2011 PCA
India,State - MAHARASHTRA (27),2011,population,2052586.0,Census 2011 PCA
India,State - MAHARASHTRA (27),2011,population,2588930.0,Census 2011 PCA
India,State - MAHARASHTRA (27),2011,population,2062553.0,Census 2011 PCA
India,State - MAHARASHTRA (27),2011,population,1826531.0,Census 2011 PCA
India,State - MAHARASHTRA (27),2011,population,2067222.0,Census 2011 PCA
India,State - MAHARASHTRA (27),2011,population,1601877.0,Census 2011 PCA
India,State - MAHARASHTRA (27),2011,population,2757064.0,Census 2011 PCA
India,State - MAHARASHTRA (27),2011,population,1548794.0,Census 2011 PCA
India,State - MAHARASHTRA (27),2011,population,1714660.0,Census 2011 PCA
India,State - MAHARASHTRA (27),2011,population,1287968.0,Census 2011 PCA
India,State - MAHARASHTRA (27),2011,population,1487821.0,Census 2011 PCA
India,State - MAHARASHTRA (27),2011,population,2591092.0,Census 2011 PCA
India,State - MAHARASHTRA (27),2011,population,1585038.0,Census 2011 PCA
India,State - MAHARASHTRA (27),2011,population,1211057.0,Census 2011 PCA
India,State - MAHARASHTRA (27),2011,population,1632934.0,Census 2011 PCA
India,State - MAHARASHTRA (27),2011,population,1227039.0,Census 2011 PCA
India,State - MAHARASHTRA (27),2011,population,2560132.0,Census 2011 PCA
India,State - MAHARASHTRA (27),2011,population,1280248.0,Census 2011 PCA
India,State - MAHARASHTRA (27),2011,population,1368558.0,Census 2011 PCA
India,State - MAHARASHTRA (27),2011,population,974530.0,Census 2011 PCA
India,State - MAHARASHTRA (27),2011,population,1012621.0,Census 2011 PCA
India,State - MAHARASHTRA (27),2011,population,2175250.0,Census 2011 PCA
India,State - MAHARASHTRA (27),2011,population,1126118.0,Census 2011 PCA
India,State - MAHARASHTRA (27),2011,population,865431.0,Census 2011 PCA
India,State - MAHARASHTRA (27),2011,population,1047648.0,Census 2011 PCA
India,State - MAHARASHTRA (27),2011,population,818007.0,Census 2011 PCA
India,State - MAHARASHTRA (27),2011,population,1927821.0,Census 2011 PCA
India,State - MAHARASHTRA (27),2011,population,851257.0,Census 2011 PCA
India,State - MAHARASHTRA (27),2011,population,810007.0,Census 2011 PCA
India,State - MAHARASHTRA (27),2011,population,603038.0,Census 2011 PCA
India,State - MAHARASHTRA (27),2011,population,727194.0,Census 2011 PCA
India,State - MAHARASHTRA (27),2011,population,1454108.0,Census 2011 PCA
India,State - MAHARASHTRA (27),2011,population,739533.0,Census 2011 PCA
India,State - MAHARASHTRA (27),2011,population,512031.0,Census 2011 PCA
India,State - MAHARASHTRA (27),2011,population,642304.0,Census 2011 PCA
India,State - MAHARASHTRA (27),2011,population,537838.0,Census 2011 PCA
India,State - MAHARASHTRA (27),2011,population,1583069.0,Census 2011 PCA
India,State - MAHARASHTRA (27),2011,population,625777.0,Census 2011 PCA
India,State - MAHARASHTRA (27),2011,population,553629.0,Census 2011 PCA
India,State - MAHARASHTRA (27),2011,population,428288.0,Census 2011 PCA
India,State - MAHARASHTRA (27),2011,population,451717.0,Census 2011 PCA
India,State - MAHARASHTRA (27),2011,population,1416322.0,Census 2011 PCA
India,State - MAHARASHTRA (27),2011,population,571519.0,Census 2011 PCA
India,State - MAHARASHTRA (27),2011,population,352299.0,Census 2011 PCA
India,State - MAHARASHTRA (27),2011,population,406824.0,Census 2011 PCA
India,State - MAHARASHTRA (27),2011,population,331388.0,Census 2011 PCA
India,State - MAHARASHTRA (27),2011,population,1142588.0,Census 2011 PCA
India,State - MAHARASHTRA (27),2011,population,371600.0,Census 2011 PCA
India,State - MAHARASHTRA (27),2011,population,277613.0,Census 2011 PCA
India,State - MAHARASHTRA (27),2011,population,165692.0,Census 2011 PCA
India,State - MAHARASHTRA (27),2011,population,185643.0,Census 2011 PCA
India,State - MAHARASHTRA (27),2011,population,520375.0,Census 2011 PCA
India,State - MAHARASHTRA (27),2011,population,198127.0,Census 2011 PCA
India,State - MAHARASHTRA (27),2011,population,113396.0,Census 2011 PCA
India,State - MAHARASHTRA (27),2011,population,128432.0,Census 2011 PCA
India,State - MAHARASHTRA (27),2011,population,102443.0,Census 2011 PCA
India,State - MAHARASHTRA (27),2011,population,365177.0,Census 2011 PCA
India,State - MAHARASHTRA (27),2011,population,111620.0,Census 2011 PCA
India,State - MAHARASHTRA (27),2011,population,68545.0,Census 2011 PCA
India,State - MAHARASHTRA (27),2011,population,44946.0,Census 2011 PCA
India,State - MAHARASHTRA (27),2011,population,46363.0,Census 2011 PCA
India,State - MAHARASHTRA (27),2011,population,126777.0,Census 2011 PCA
India,State - MAHARASHTRA (27),2011,population,45394.0,Census 2011 PCA
India,State - MAHARASHTRA (27),2011,population,25093.0,Census 2011 PCA
India,State - MAHARASHTRA (27),2011,population,25649.0,Census 2011 PCA
India,State - MAHARASHTRA (27),2011,population,24481.0,Census 2011 PCA
India,State - MAHARASHTRA (27),2011,population,82245.0,Census 2011 PCA
India,State - MAHARASHTRA (27),2011,population,29047.0,Census 2011 PCA
India,State - MAHARASHTRA (27),2011,population,19868.0,Census 2011 PCA
India,State - MAHARASHTRA (27),2011,population,12511.0,Census 2011 PCA
India,State - MAHARASHTRA (27),2011,population,14215.0,Census 2011 PCA
India,State - MAHARASHTRA (27),2011,population,32692.0,Census 2011 PCA
India,State - MAHARASHTRA (27),2011,population,15519.0,Census 2011 PCA
India,State - MAHARASHTRA (27),2011,population,10529.0,Census 2011 PCA
India,State - MAHARASHTRA (27),2011,population,14023.0,Census 2011 PCA
India,State - MAHARASHTRA (27),2011,population,7550.0,Census 2011 PCA
India,State - MAHARASHTRA (27),2011,population,57950.0,Census 2011 PCA
India,State - MAHARASHTRA (27),2011,population,407696.0,Census 2011 PCA
India,State - ANDHRA PRADESH (28),2011,population,84580777.0,Census 2011 PCA
India,State - ANDHRA PRADESH (28),2011,population,1214847.0,Census 2011 PCA
India,State - ANDHRA PRADESH (28),2011,population,1260326.0,Census 2011 PCA
India,State - ANDHRA PRADESH (28),2011,population,1181570.0,Census 2011 PCA
India,State - ANDHRA PRADESH (28),2011,population,1319621.0,Census 2011 PCA
India,State - ANDHRA PRADESH (28),2011,population,1308401.0,Census 2011 PCA
India,State - ANDHRA PRADESH (28),2011,population,1441133.0,Census 2011 PCA
India,State - ANDHRA PRADESH (28),2011,population,1416904.0,Census 2011 PCA
India,State - ANDHRA PRADESH (28),2011,population,1483948.0,Census 2011 PCA
India,State - ANDHRA PRADESH (28),2011,population,1496883.0,Census 2011 PCA
India,State - ANDHRA PRADESH (28),2011,population,1465564.0,Census 2011 PCA
India,State - ANDHRA PRADESH (28),2011,population,1767388.0,Census 2011 PCA
India,State - ANDHRA PRADESH (28),2011,population,1559410.0,Census 2011 PCA
India,State - ANDHRA PRADESH (28),2011,population,1676007.0,Census 2011 PCA
India,State - ANDHRA PRADESH (28),2011,population,1585749.0,Census 2011 PCA
India,State - ANDHRA PRADESH (28),2011,population,1613041.0,Census 2011 PCA
India,State - ANDHRA PRADESH (28),2011,population,1652368.0,Census 2011 PCA
India,State - ANDHRA PRADESH (28),2011,population,1576131.0,Census 2011 PCA
India,State - ANDHRA PRADESH (28),2011,population,1466112.0,Census 2011 PCA
India,State - ANDHRA PRADESH (28),2011,population,1877103.0,Census 2011 PCA
India,State - ANDHRA PRADESH (28),2011,population,1522033.0,Census 2011 PCA
India,State - ANDHRA PRADESH (28),2011,population,2179306.0,Census 2011 PCA
India,State - ANDHRA PRADESH (28),2011,population,1397179.0,Census 2011 PCA
India,State - ANDHRA PRADESH (28),2011,population,1636241.0,Census 2011 PCA
India,State - ANDHRA PRADESH (28),2011,population,1416185.0,Census 2011 PCA
India,State - ANDHRA PRADESH (28),2011,population,1503183.0,Census 2011 PCA
India,State - ANDHRA PRADESH (28),2011,population,2302932.0,Census 2011 PCA
India,State - ANDHRA PRADESH (28),2011,population,1473069.0,Census 2011 PCA
India,State - ANDHRA PRADESH (28),2011,population,1232153.0,Census 2011 PCA
India,State - ANDHRA PRADESH (28),2011,population,1628758.0,Census 2011 PCA
India,State - ANDHRA PRADESH (28),2011,population,1162124.0,Census 2011 PCA
India,State - ANDHRA PRADESH (28),2011,population,2483935.0,Census 2011 PCA
India,State - ANDHRA PRADESH (28),2011,population,964372.0,Census 2011 PCA
India,State - ANDHRA PRADESH (28),2011,population,1222481.0,Census 2011 PCA
India,State - ANDHRA PRADESH (28),2011,population,860328.0,Census 2011 PCA
India,State - ANDHRA PRADESH (28),2011,population,1053255.0,Census 2011 PCA
India,State - ANDHRA PRADESH (28),2011,population,2384711.0,Census 2011 PCA
India,State - ANDHRA PRADESH (28),2011,population,1141573.0,Census 2011 PCA
India,State - ANDHRA PRADESH (28),2011,population,810906.0,Census 2011 PCA
India,State - ANDHRA PRADESH (28),2011,population,1242504.0,Census 2011 PCA
India,State - ANDHRA PRADESH (28),2011,population,927645.0,Census 2011 PCA
India,State - ANDHRA PRADESH (28),2011,population,2410551.0,Census 2011 PCA
India,State - ANDHRA PRADESH (28),2011,population,782781.0,Census 2011 PCA
India,State - ANDHRA PRADESH (28),2011,population,892816.0,Census 2011 PCA
India,State - ANDHRA PRADESH (28),2011,population,596313.0,Census 2011 PCA
India,State - ANDHRA PRADESH (28),2011,population,717012.0,Census 2011 PCA
India,State - ANDHRA PRADESH (28),2011,population,2029097.0,Census 2011 PCA
India,State - ANDHRA PRADESH (28),2011,population,756598.0,Census 2011 PCA
India,State - ANDHRA PRADESH (28),2011,population,503130.0,Census 2011 PCA
India,State - ANDHRA PRADESH (28),2011,population,768274.0,Census 2011 PCA
India,State - ANDHRA PRADESH (28),2011,population,600170.0,Census 2011 PCA
India,State - ANDHRA PRADESH (28),2011,population,1838524.0,Census 2011 PCA
India,State - ANDHRA PRADESH (28),2011,population,504181.0,Census 2011 PCA
India,State - ANDHRA PRADESH (28),2011,population,492974.0,Census 2011 PCA
India,State - ANDHRA PRADESH (28),2011,population,336719.0,Census 2011 PCA
India,State - ANDHRA PRADESH (28),2011,population,484988.0,Census 2011 PCA
India,State - ANDHRA PRADESH (28),2011,population,1312769.0,Census 2011 PCA
India,State - ANDHRA PRADESH (28),2011,population,482892.0,Census 2011 PCA
India,State - ANDHRA PRADESH (28),2011,population,275455.0,Census 2011 PCA
India,State - ANDHRA PRADESH (28),2011,population,436278.0,Census 2011 PCA
India,State - ANDHRA PRADESH (28),2011,population,402204.0,Census 2011 PCA
India,State - ANDHRA PRADESH (28),2011,population,1684428.0,Census 2011 PCA
India,State - ANDHRA PRADESH (28),2011,population,449654.0,Census 2011 PCA
India,State - ANDHRA PRADESH (28),2011,population,436166.0,Census 2011 PCA
India,State - ANDHRA PRADESH (28),2011,population,273909.0,Census 2011 PCA
India,State - ANDHRA PRADESH (28),2011,population,355680.0,Census 2011 PCA
India,State - ANDHRA PRADESH (28),2011,population,1191661.0,Census 2011 PCA
India,State - ANDHRA PRADESH (28),2011,population,319520.0,Census 2011 PCA
India,State - ANDHRA PRADESH (28),2011,population,168869.0,Census 2011 PCA
India,State - ANDHRA PRADESH (28),2011,population,257585.0,Census 2011 PCA
India,State - ANDHRA PRADESH (28),2011,population,230219.0,Census 2011 PCA
India,State - ANDHRA PRADESH (28),2011,population,972318.0,Census 2011 PCA
India,State - ANDHRA PRADESH (28),2011,population,201414.0,Census 2011 PCA
India,State - ANDHRA PRADESH (28),2011,population,144834.0,Census 2011 PCA
India,State - ANDHRA PRADESH (28),2011,population,83302.0,Census 2011 PCA
India,State - ANDHRA PRADESH (28),2011,population,117490.0,Census 2011 PCA
India,State - ANDHRA PRADESH (28),2011,population,368400.0,Census 2011 PCA
India,State - ANDHRA PRADESH (28),2011,population,102887.0,Census 2011 PCA
India,State - ANDHRA PRADESH (28),2011,population,42029.0,Census 2011 PCA
India,State - ANDHRA PRADESH (28),2011,population,61700.0,Census 2011 PCA
India,State - ANDHRA PRADESH (28),2011,population,61973.0,Census 2011 PCA
India,State - ANDHRA PRADESH (28),2011,population,302221.0,Census 2011 PCA
India,State - ANDHRA PRADESH (28),2011,population,60660.0,Census 2011 PCA
India,State - ANDHRA PRADESH (28),2011,population,34717.0,Census 2011 PCA
India,State - ANDHRA PRADESH (28),2011,population,20758.0,Census 2011 PCA
India,State - ANDHRA PRADESH (28),2011,population,28309.0,Census 2011 PCA
India,State - ANDHRA PRADESH (28),2011,population,85235.0,Census 2011 PCA
India,State - ANDHRA PRADESH (28),2011,population,25927.0,Census 2011 PCA
India,State - ANDHRA PRADESH (28),2011,population,11412.0,Census 2011 PCA
India,State - ANDHRA PRADESH (28),2011,population,12843.0,Census 2011 PCA
India,State - ANDHRA PRADESH (28),2011,population,14768.0,Census 2011 PCA
India,State - ANDHRA PRADESH (28),2011,population,56581.0,Census 2011 PCA
India,State - ANDHRA PRADESH (28),2011,population,15241.0,Census 2011 PCA
India,State - ANDHRA PRADESH (28),2011,population,8917.0,Census 2011 PCA
India,State - ANDHRA PRADESH (28),2011,population,5337.0,Census 2011 PCA
India,State - ANDHRA PRADESH (28),2011,population,6583.0,Census 2011 PCA
India,State - ANDHRA PRADESH (28),2011,population,16318.0,Census 2011 PCA
India,State - ANDHRA PRADESH (28),2011,population,6981.0,Census 2011 PCA
India,State - ANDHRA PRADESH (28),2011,population,4328.0,Census 2011 PCA
India,State - ANDHRA PRADESH (28),2011,population,6009.0,Census 2011 PCA
India,State - ANDHRA PRADESH (28),2011,population,3073.0,Census 2011 PCA
India,State - ANDHRA PRADESH (28),2011,population,27985.0,Census 2011 PCA
India,State - ANDHRA PRADESH (28),2011,population,771431.0,Census 2011 PCA
India,State - KARNATAKA (29),2011,population,61095297.0,Census 2011 PCA
India,State - KARNATAKA (29),2011,population,933645.0,Census 2011 PCA
India,State - KARNATAKA (29),2011,population,1017674.0,Census 2011 PCA
India,State - KARNATAKA (29),2011,population,1010479.0,Census 2011 PCA
India,State - KARNATAKA (29),2011,population,1042923.0,Census 2011 PCA
India,State - KARNATAKA (29),2011,population,1041998.0,Census 2011 PCA
India,State - KARNATAKA (29),2011,population,1087322.0,Census 2011 PCA
India,State - KARNATAKA (29),2011,population,1026992.0,Census 2011 PCA
India,State - KARNATAKA (29),2011,population,1019047.0,Census 2011 PCA
India,State - KARNATAKA (29),2011,population,1055117.0,Census 2011 PCA
India,State - KARNATAKA (29),2011,population,1053031.0,Census 2011 PCA
India,State - KARNATAKA (29),2011,population,1224051.0,Census 2011 PCA
India,State - KARNATAKA (29),2011,population,1125702.0,Census 2011 PCA
India,State - KARNATAKA (29),2011,population,1159844.0,Census 2011 PCA
India,State - KARNATAKA (29),2011,population,1091404.0,Census 2011 PCA
India,State - KARNATAKA (29),2011,population,1135645.0,Census 2011 PCA
India,State - KARNATAKA (29),2011,population,1145252.0,Census 2011 PCA
India,State - KARNATAKA (29),2011,population,1129795.0,Census 2011 PCA
India,State - KARNATAKA (29),2011,population,1048278.0,Census 2011 PCA
India,State - KARNATAKA (29),2011,population,1381362.0,Census 2011 PCA
India,State - KARNATAKA (29),2011,population,1122590.0,Census 2011 PCA
India,State - KARNATAKA (29),2011,population,1524165.0,Census 2011 PCA
India,State - KARNATAKA (29),2011,population,1060423.0,Census 2011 PCA
India,State - KARNATAKA (29),2011,population,1273163.0,Census 2011 PCA
India,State - KARNATAKA (29),2011,population,1039971.0,Census 2011 PCA
India,State - KARNATAKA (29),2011,population,1154836.0,Census 2011 PCA
India,State - KARNATAKA (29),2011,population,1592968.0,Census 2011 PCA
India,State - KARNATAKA (29),2011,population,1140351.0,Census 2011 PCA
India,State - KARNATAKA (29),2011,population,935419.0,Census 2011 PCA
India,State - KARNATAKA (29),2011,population,1236233.0,Census 2011 PCA
India,State - KARNATAKA (29),2011,population,866635.0,Census 2011 PCA
India,State - KARNATAKA (29),2011,population,1719007.0,Census 2011 PCA
India,State - KARNATAKA (29),2011,population,727252.0,Census 2011 PCA
India,State - KARNATAKA (29),2011,population,871926.0,Census 2011 PCA
India,State - KARNATAKA (29),2011,population,598490.0,Census 2011 PCA
India,State - KARNATAKA (29),2011,population,781705.0,Census 2011 PCA
India,State - KARNATAKA (29),2011,population,1638532.0,Census 2011 PCA
India,State - KARNATAKA (29),2011,population,822894.0,Census 2011 PCA
India,State - KARNATAKA (29),2011,population,617110.0,Census 2011 PCA
India,State - KARNATAKA (29),2011,population,941872.0,Census 2011 PCA
India,State - KARNATAKA (29),2011,population,675043.0,Census 2011 PCA
India,State - KARNATAKA (29),2011,population,1637089.0,Census 2011 PCA
India,State - KARNATAKA (29),2011,population,576127.0,Census 2011 PCA
India,State - KARNATAKA (29),2011,population,639629.0,Census 2011 PCA
India,State - KARNATAKA (29),2011,population,433115.0,Census 2011 PCA
India,State - KARNATAKA (29),2011,population,540752.0,Census 2011 PCA
India,State - KARNATAKA (29),2011,population,1422243.0,Census 2011 PCA
India,State - KARNATAKA (29),2011,population,576785.0,Census 2011 PCA
India,State - KARNATAKA (29),2011,population,410656.0,Census 2011 PCA
India,State - KARNATAKA (29),2011,population,629167.0,Census 2011 PCA
India,State - KARNATAKA (29),2011,population,480931.0,Census 2011 PCA
India,State - KARNATAKA (29),2011,population,1290554.0,Census 2011 PCA
India,State - KARNATAKA (29),2011,population,396861.0,Census 2011 PCA
India,State - KARNATAKA (29),2011,population,381511.0,Census 2011 PCA
India,State - KARNATAKA (29),2011,population,260886.0,Census 2011 PCA
India,State - KARNATAKA (29),2011,population,369458.0,Census 2011 PCA
India,State - KARNATAKA (29),2011,population,886623.0,Census 2011 PCA
India,State - KARNATAKA (29),2011,population,360426.0,Census 2011 PCA
India,State - KARNATAKA (29),2011,population,227838.0,Census 2011 PCA
India,State - KARNATAKA (29),2011,population,348093.0,Census 2011 PCA
India,State - KARNATAKA (29),2011,population,319524.0,Census 2011 PCA
India,State - KARNATAKA (29),2011,population,1072592.0,Census 2011 PCA
India,State - KARNATAKA (29),2011,population,295429.0,Census 2011 PCA
India,State - KARNATAKA (29),2011,population,260636.0,Census 2011 PCA
India,State - KARNATAKA (29),2011,population,184521.0,Census 2011 PCA
India,State - KARNATAKA (29),2011,population,246874.0,Census 2011 PCA
India,State - KARNATAKA (29),2011,population,759442.0,Census 2011 PCA
India,State - KARNATAKA (29),2011,population,234903.0,Census 2011 PCA
India,State - KARNATAKA (29),2011,population,141435.0,Census 2011 PCA
India,State - KARNATAKA (29),2011,population,204229.0,Census 2011 PCA
India,State - KARNATAKA (29),2011,population,180110.0,Census 2011 PCA
India,State - KARNATAKA (29),2011,population,643836.0,Census 2011 PCA
India,State - KARNATAKA (29),2011,population,150225.0,Census 2011 PCA
India,State - KARNATAKA (29),2011,population,106442.0,Census 2011 PCA
India,State - KARNATAKA (29),2011,population,66500.0,Census 2011 PCA
India,State - KARNATAKA (29),2011,population,94122.0,Census 2011 PCA
India,State - KARNATAKA (29),2011,population,279569.0,Census 2011 PCA
India,State - KARNATAKA (29),2011,population,86471.0,Census 2011 PCA
India,State - KARNATAKA (29),2011,population,41764.0,Census 2011 PCA
India,State - KARNATAKA (29),2011,population,57008.0,Census 2011 PCA
India,State - KARNATAKA (29),2011,population,59614.0,Census 2011 PCA
India,State - KARNATAKA (29),2011,population,232187.0,Census 2011 PCA
India,State - KARNATAKA (29),2011,population,53678.0,Census 2011 PCA
India,State - KARNATAKA (29),2011,population,30278.0,Census 2011 PCA
India,State - KARNATAKA (29),2011,population,19444.0,Census 2011 PCA
India,State - KARNATAKA (29),2011,population,26437.0,Census 2011 PCA
India,State - KARNATAKA (29),2011,population,71741.0,Census 2011 PCA
India,State - KARNATAKA (29),2011,population,23828.0,Census 2011 PCA
India,State - KARNATAKA (29),2011,population,11700.0,Census 2011 PCA
India,State - KARNATAKA (29),2011,population,12994.0,Census 2011 PCA
India,State - KARNATAKA (29),2011,population,13475.0,Census 2011 PCA
India,State - KARNATAKA (29),2011,population,46439.0,Census 2011 PCA
India,State - KARNATAKA (29),2011,population,11291.0,Census 2011 PCA
India,State - KARNATAKA (29),2011,population,6819.0,Census 2011 PCA
India,State - KARNATAKA (29),2011,population,4372.0,Census 2011 PCA
India,State - KARNATAKA (29),2011,population,5613.0,Census 2011 PCA
India,State - KARNATAKA (29),2011,population,14320.0,Census 2011 PCA
India,State - KARNATAKA (29),2011,population,5694.0,Census 2011 PCA
India,State - KARNATAKA (29),2011,population,3355.0,Census 2011 PCA
India,State - KARNATAKA (29),2011,population,5242.0,Census 2011 PCA
India,State - KARNATAKA (29),2011,population,3646.0,Census 2011 PCA
India,State - KARNATAKA (29),2011,population,22757.0,Census 2011 PCA
India,State - KARNATAKA (29),2011,population,45851.0,Census 2011 PCA
India,State - GOA (30),2011,population,1458545.0,Census 2011 PCA
India,State - GOA (30),2011,population,19039.0,Census 2011 PCA
India,State - GOA (30),2011,population,21181.0,Census 2011 PCA
India,State - GOA (30),2011,population,20366.0,Census 2011 PCA
India,State - GOA (30),2011,population,19928.0,Census 2011 PCA
India,State - GOA (30),2011,population,20689.0,Census 2011 PCA
India,State - GOA (30),2011,population,22128.0,Census 2011 PCA
India,State - GOA (30),2011,population,21280.0,Census 2011 PCA
India,State - GOA (30),2011,population,21365.0,Census 2011 PCA
India,State - GOA (30),2011,population,20261.0,Census 2011 PCA
India,State - GOA (30),2011,population,20934.0,Census 2011 PCA
India,State - GOA (30),2011,population,23764.0,Census 2011 PCA
India,State - GOA (30),2011,population,22821.0,Census 2011 PCA
India,State - GOA (30),2011,population,21334.0,Census 2011 PCA
India,State - GOA (30),2011,population,21458.0,Census 2011 PCA
India,State - GOA (30),2011,population,21612.0,Census 2011 PCA
India,State - GOA (30),2011,population,21859.0,Census 2011 PCA
India,State - GOA (30),2011,population,21041.0,Census 2011 PCA
India,State - GOA (30),2011,population,21037.0,Census 2011 PCA
India,State - GOA (30),2011,population,24876.0,Census 2011 PCA
India,State - GOA (30),2011,population,25062.0,Census 2011 PCA
India,State - GOA (30),2011,population,28157.0,Census 2011 PCA
India,State - GOA (30),2011,population,25465.0,Census 2011 PCA
India,State - GOA (30),2011,population,25972.0,Census 2011 PCA
India,State - GOA (30),2011,population,25055.0,Census 2011 PCA
India,State - GOA (30),2011,population,26096.0,Census 2011 PCA
India,State - GOA (30),2011,population,29533.0,Census 2011 PCA
India,State - GOA (30),2011,population,26694.0,Census 2011 PCA
India,State - GOA (30),2011,population,24998.0,Census 2011 PCA
India,State - GOA (30),2011,population,27283.0,Census 2011 PCA
India,State - GOA (30),2011,population,24118.0,Census 2011 PCA
India,State - GOA (30),2011,population,32119.0,Census 2011 PCA
India,State - GOA (30),2011,population,24559.0,Census 2011 PCA
India,State - GOA (30),2011,population,24510.0,Census 2011 PCA
India,State - GOA (30),2011,population,20773.0,Census 2011 PCA
India,State - GOA (30),2011,population,23898.0,Census 2011 PCA
India,State - GOA (30),2011,population,32151.0,Census 2011 PCA
India,State - GOA (30),2011,population,25256.0,Census 2011 PCA
India,State - GOA (30),2011,population,21737.0,Census 2011 PCA
India,State - GOA (30),2011,population,25027.0,Census 2011 PCA
India,State - GOA (30),2011,population,22127.0,Census 2011 PCA
India,State - GOA (30),2011,population,29621.0,Census 2011 PCA
India,State - GOA (30),2011,population,21248.0,Census 2011 PCA
India,State - GOA (30),2011,population,21822.0,Census 2011 PCA
India,State - GOA (30),2011,population,18129.0,Census 2011 PCA
India,State - GOA (30),2011,population,17692.0,Census 2011 PCA
India,State - GOA (30),2011,population,25745.0,Census 2011 PCA
India,State - GOA (30),2011,population,19410.0,Census 2011 PCA
India,State - GOA (30),2011,population,15892.0,Census 2011 PCA
India,State - GOA (30),2011,population,17151.0,Census 2011 PCA
India,State - GOA (30),2011,population,16538.0,Census 2011 PCA
India,State - GOA (30),2011,population,22112.0,Census 2011 PCA
India,State - GOA (30),2011,population,15482.0,Census 2011 PCA
India,State - GOA (30),2011,population,14124.0,Census 2011 PCA
India,State - GOA (30),2011,population,12085.0,Census 2011 PCA
India,State - GOA (30),2011,population,12789.0,Census 2011 PCA
India,State - GOA (30),2011,population,17396.0,Census 2011 PCA
India,State - GOA (30),2011,population,13648.0,Census 2011 PCA
India,State - GOA (30),2011,population,11057.0,Census 2011 PCA
India,State - GOA (30),2011,population,12323.0,Census 2011 PCA
India,State - GOA (30),2011,population,11129.0,Census 2011 PCA
India,State - GOA (30),2011,population,19387.0,Census 2011 PCA
India,State - GOA (30),2011,population,12177.0,Census 2011 PCA
India,State - GOA (30),2011,population,10893.0,Census 2011 PCA
India,State - GOA (30),2011,population,9558.0,Census 2011 PCA
India,State - GOA (30),2011,population,9089.0,Census 2011 PCA
India,State - GOA (30),2011,population,14516.0,Census 2011 PCA
India,State - GOA (30),2011,population,8480.0,Census 2011 PCA
India,State - GOA (30),2011,population,5983.0,Census 2011 PCA
India,State - GOA (30),2011,population,6350.0,Census 2011 PCA
India,State - GOA (30),2011,population,5690.0,Census 2011 PCA
India,State - GOA (30),2011,population,11265.0,Census 2011 PCA
India,State - GOA (30),2011,population,5981.0,Census 2011 PCA
India,State - GOA (30),2011,population,4438.0,Census 2011 PCA
India,State - GOA (30),2011,population,3628.0,Census 2011 PCA
India,State - GOA (30),2011,population,3743.0,Census 2011 PCA
India,State - GOA (30),2011,population,5978.0,Census 2011 PCA
India,State - GOA (30),2011,population,3569.0,Census 2011 PCA
India,State - GOA (30),2011,population,2588.0,Census 2011 PCA
India,State - GOA (30),2011,population,2421.0,Census 2011 PCA
India,State - GOA (30),2011,population,1980.0,Census 2011 PCA
India,State - GOA (30),2011,population,3847.0,Census 2011 PCA
India,State - GOA (30),2011,population,2003.0,Census 2011 PCA
India,State - GOA (30),2011,population,1321.0,Census 2011 PCA
India,State - GOA (30),2011,population,1059.0,Census 2011 PCA
India,State - GOA (30),2011,population,1016.0,Census 2011 PCA
India,State - GOA (30),2011,population,1470.0,Census 2011 PCA
India,State - GOA (30),2011,population,872.0,Census 2011 PCA
India,State - GOA (30),2011,population,590.0,Census 2011 PCA
India,State - GOA (30),2011,population,521.0,Census 2011 PCA
India,State - GOA (30),2011,population,440.0,Census 2011 PCA
India,State - GOA (30),2011,population,664.0,Census 2011 PCA
India,State - GOA (30),2011,population,377.0,Census 2011 PCA
India,State - GOA (30),2011,population,221.0,Census 2011 PCA
India,State - GOA (30),2011,population,152.0,Census 2011 PCA
India,State - GOA (30),2011,population,174.0,Census 2011 PCA
India,State - GOA (30),2011,population,240.0,Census 2011 PCA
India,State - GOA (30),2011,population,134.0,Census 2011 PCA
India,State - GOA (30),2011,population,93.0,Census 2011 PCA
India,State - GOA (30),2011,population,123.0,Census 2011 PCA
India,State - GOA (30),2011,population,70.0,Census 2011 PCA
India,State - GOA (30),2011,population,394.0,Census 2011 PCA
India,State - GOA (30),2011,population,2094.0,Census 2011 PCA
India,State - LAKSHADWEEP (31),2011,population,64473.0,Census 2011 PCA
India,State - LAKSHADWEEP (31),2011,population,1115.0,Census 2011 PCA
India,State - LAKSHADWEEP (31),2011,population,998.0,Census 2011 PCA
India,State - LAKSHADWEEP (31),2011,population,937.0,Census 2011 PCA
India,State - LAKSHADWEEP (31),2011,population,963.0,Census 2011 PCA
India,State - LAKSHADWEEP (31),2011,population,1039.0,Census 2011 PCA
India,State - LAKSHADWEEP (31),2011,population,1135.0,Census 2011 PCA
India,State - LAKSHADWEEP (31),2011,population,1068.0,Census 2011 PCA
India,State - LAKSHADWEEP (31),2011,population,1111.0,Census 2011 PCA
India,State - LAKSHADWEEP (31),2011,population,905.0,Census 2011 PCA
India,State - LAKSHADWEEP (31),2011,population,1188.0,Census 2011 PCA
India,State - LAKSHADWEEP (31),2011,population,1319.0,Census 2011 PCA
India,State - LAKSHADWEEP (31),2011,population,1249.0,Census 2011 PCA
India,State - LAKSHADWEEP (31),2011,population,1161.0,Census 2011 PCA
India,State - LAKSHADWEEP (31),2011,population,1150.0,Census 2011 PCA
India,State - LAKSHADWEEP (31),2011,population,1119.0,Census 2011 PCA
India,State - LAKSHADWEEP (31),2011,population,1159.0,Census 2011 PCA
India,State - LAKSHADWEEP (31),2011,population,1133.0,Census 2011 PCA
India,State - LAKSHADWEEP (31),2011,population,1152.0,Census 2011 PCA
India,State - LAKSHADWEEP (31),2011,population,1140.0,Census 2011 PCA
India,State - LAKSHADWEEP (31),2011,population,1040.0,Census 2011 PCA
India,State - LAKSHADWEEP (31),2011,population,1147.0,Census 2011 PCA
India,State - LAKSHADWEEP (31),2011,population,1156.0,Census 2011 PCA
India,State - LAKSHADWEEP (31),2011,population,1106.0,Census 2011 PCA
India,State - LAKSHADWEEP (31),2011,population,1158.0,Census 2011 PCA
India,State - LAKSHADWEEP (31),2011,population,1262.0,Census 2011 PCA
India,State - LAKSHADWEEP (31),2011,population,1247.0,Census 2011 PCA
India,State - LAKSHADWEEP (31),2011,population,1207.0,Census 2011 PCA
India,State - LAKSHADWEEP (31),2011,population,1233.0,Census 2011 PCA
India,State - LAKSHADWEEP (31),2011,population,1153.0,Census 2011 PCA
India,State - LAKSHADWEEP (31),2011,population,1127.0,Census 2011 PCA
India,State - LAKSHADWEEP (31),2011,population,1191.0,Census 2011 PCA
India,State - LAKSHADWEEP (31),2011,population,1213.0,Census 2011 PCA
India,State - LAKSHADWEEP (31),2011,population,1075.0,Census 2011 PCA
India,State - LAKSHADWEEP (31),2011,population,926.0,Census 2011 PCA
India,State - LAKSHADWEEP (31),2011,population,1032.0,Census 2011 PCA
India,State - LAKSHADWEEP (31),2011,population,1169.0,Census 2011 PCA
India,State - LAKSHADWEEP (31),2011,population,1205.0,Census 2011 PCA
India,State - LAKSHADWEEP (31),2011,population,1051.0,Census 2011 PCA
India,State - LAKSHADWEEP (31),2011,population,1006.0,Census 2011 PCA
India,State - LAKSHADWEEP (31),2011,population,958.0,Census 2011 PCA
India,State - LAKSHADWEEP (31),2011,population,1075.0,Census 2011 PCA
India,State - LAKSHADWEEP (31),2011,population,965.0,Census 2011 PCA
India,State - LAKSHADWEEP (31),2011,population,938.0,Census 2011 PCA
India,State - LAKSHADWEEP (31),2011,population,835.0,Census 2011 PCA
India,State - LAKSHADWEEP (31),2011,population,795.0,Census 2011 PCA
India,State - LAKSHADWEEP (31),2011,population,855.0,Census 2011 PCA
India,State - LAKSHADWEEP (31),2011,population,868.0,Census 2011 PCA
India,State - LAKSHADWEEP (31),2011,population,696.0,Census 2011 PCA
India,State - LAKSHADWEEP (31),2011,population,778.0,Census 2011 PCA
India,State - LAKSHADWEEP (31),2011,population,613.0,Census 2011 PCA
India,State - LAKSHADWEEP (31),2011,population,661.0,Census 2011 PCA
India,State - LAKSHADWEEP (31),2011,population,590.0,Census 2011 PCA
India,State - LAKSHADWEEP (31),2011,population,630.0,Census 2011 PCA
India,State - LAKSHADWEEP (31),2011,population,599.0,Census 2011 PCA
India,State - LAKSHADWEEP (31),2011,population,586.0,Census 2011 PCA
India,State - LAKSHADWEEP (31),2011,population,703.0,Census 2011 PCA
India,State - LAKSHADWEEP (31),2011,population,632.0,Census 2011 PCA
India,State - LAKSHADWEEP (31),2011,population,534.0,Census 2011 PCA
India,State - LAKSHADWEEP (31),2011,population,576.0,Census 2011 PCA
India,State - LAKSHADWEEP (31),2011,population,456.0,Census 2011 PCA
India,State - LAKSHADWEEP (31),2011,population,577.0,Census 2011 PCA
India,State - LAKSHADWEEP (31),2011,population,376.0,Census 2011 PCA
India,State - LAKSHADWEEP (31),2011,population,400.0,Census 2011 PCA
India,State - LAKSHADWEEP (31),2011,population,367.0,Census 2011 PCA
India,State - LAKSHADWEEP (31),2011,population,314.0,Census 2011 PCA
India,State - LAKSHADWEEP (31),2011,population,441.0,Census 2011 PCA
India,State - LAKSHADWEEP (31),2011,population,315.0,Census 2011 PCA
India,State - LAKSHADWEEP (31),2011,population,230.0,Census 2011 PCA
India,State - LAKSHADWEEP (31),2011,population,242.0,Census 2011 PCA
India,State - LAKSHADWEEP (31),2011,population,185.0,Census 2011 PCA
India,State - LAKSHADWEEP (31),2011,population,355.0,Census 2011 PCA
India,State - LAKSHADWEEP (31),2011,population,175.0,Census 2011 PCA
India,State - LAKSHADWEEP (31),2011,population,148.0,Census 2011 PCA
India,State - LAKSHADWEEP (31),2011,population,98.0,Census 2011 PCA
India,State - LAKSHADWEEP (31),2011,population,73.0,Census 2011 PCA
India,State - LAKSHADWEEP (31),2011,population,207.0,Census 2011 PCA
India,State - LAKSHADWEEP (31),2011,population,116.0,Census 2011 PCA
India,State - LAKSHADWEEP (31),2011,population,65.0,Census 2011 PCA
India,State - LAKSHADWEEP (31),2011,population,55.0,Census 2011 PCA
India,State - LAKSHADWEEP (31),2011,population,50.0,Census 2011 PCA
India,State - LAKSHADWEEP (31),2011,population,129.0,Census 2011 PCA
India,State - LAKSHADWEEP (31),2011,population,54.0,Census 2011 PCA
India,State - LAKSHADWEEP (31),2011,population,23.0,Census 2011 PCA
India,State - LAKSHADWEEP (31),2011,population,21.0,Census 2011 PCA
India,State - LAKSHADWEEP (31),2011,population,19.0,Census 2011 PCA
India,State - LAKSHADWEEP (31),2011,population,56.0,Census 2011 PCA
India,State - LAKSHADWEEP (31),2011,population,26.0,Census 2011 PCA
India,State - LAKSHADWEEP (31),2011,population,8.0,Census 2011 PCA
India,State - LAKSHADWEEP (31),2011,population,17.0,Census 2011 PCA
India,State - LAKSHADWEEP (31),2011,population,7.0,Census 2011 PCA
India,State - LAKSHADWEEP (31),2011,population,26.0,Census 2011 PCA
India,State - LAKSHADWEEP (31),2011,population,9.0,Census 2011 PCA
India,State - LAKSHADWEEP (31),2011,population,4.0,Census 2011 PCA
India,State - LAKSHADWEEP (31),2011,population,8.0,Census 2011 PCA
India,State - LAKSHADWEEP (31),2011,population,8.0,Census 2011 PCA
India,State - LAKSHADWEEP (31),2011,population,16.0,Census 2011 PCA
India,State - LAKSHADWEEP (31),2011,population,12.0,Census 2011 PCA
India,State - LAKSHADWEEP (31),2011,population,9.0,Census 2011 PCA
India,State - LAKSHADWEEP (31),2011,population,6.0,Census 2011 PCA
India,State - LAKSHADWEEP (31),2011,population,9.0,Census 2011 PCA
India,State - LAKSHADWEEP (31),2011,population,14.0,Census 2011 PCA
India,State - LAKSHADWEEP (31),2011,population,115.0,Census 2011 PCA
India,State - KERALA (32),2011,population,33406061.0,Census 2011 PCA
India,State - KERALA (32),2011,population,482341.0,Census 2011 PCA
India,State - KERALA (32),2011,population,500354.0,Census 2011 PCA
India,State - KERALA (32),2011,population,482851.0,Census 2011 PCA
India,State - KERALA (32),2011,population,486817.0,Census 2011 PCA
India,State - KERALA (32),2011,population,500729.0,Census 2011 PCA
India,State - KERALA (32),2011,population,512686.0,Census 2011 PCA
India,State - KERALA (32),2011,population,507177.0,Census 2011 PCA
India,State - KERALA (32),2011,population,510507.0,Census 2011 PCA
India,State - KERALA (32),2011,population,505052.0,Census 2011 PCA
India,State - KERALA (32),2011,population,519690.0,Census 2011 PCA
India,State - KERALA (32),2011,population,580680.0,Census 2011 PCA
India,State - KERALA (32),2011,population,568020.0,Census 2011 PCA
India,State - KERALA (32),2011,population,541784.0,Census 2011 PCA
India,State - KERALA (32),2011,population,578706.0,Census 2011 PCA
India,State - KERALA (32),2011,population,553580.0,Census 2011 PCA
India,State - KERALA (32),2011,population,541700.0,Census 2011 PCA
India,State - KERALA (32),2011,population,515159.0,Census 2011 PCA
India,State - KERALA (32),2011,population,517325.0,Census 2011 PCA
India,State - KERALA (32),2011,population,527597.0,Census 2011 PCA
India,State - KERALA (32),2011,population,508771.0,Census 2011 PCA
India,State - KERALA (32),2011,population,555345.0,Census 2011 PCA
India,State - KERALA (32),2011,population,521601.0,Census 2011 PCA
India,State - KERALA (32),2011,population,531068.0,Census 2011 PCA
India,State - KERALA (32),2011,population,524597.0,Census 2011 PCA
India,State - KERALA (32),2011,population,533198.0,Census 2011 PCA
India,State - KERALA (32),2011,population,546715.0,Census 2011 PCA
India,State - KERALA (32),2011,population,526650.0,Census 2011 PCA
India,State - KERALA (32),2011,population,510651.0,Census 2011 PCA
India,State - KERALA (32),2011,population,536685.0,Census 2011 PCA
India,State - KERALA (32),2011,population,483391.0,Census 2011 PCA
India,State - KERALA (32),2011,population,579855.0,Census 2011 PCA
India,State - KERALA (32),2011,population,466740.0,Census 2011 PCA
India,State - KERALA (32),2011,population,484742.0,Census 2011 PCA
India,State - KERALA (32),2011,population,448856.0,Census 2011 PCA
India,State - KERALA (32),2011,population,475308.0,Census 2011 PCA
India,State - KERALA (32),2011,population,572123.0,Census 2011 PCA
India,State - KERALA (32),2011,population,508215.0,Census 2011 PCA
India,State - KERALA (32),2011,population,472243.0,Census 2011 PCA
India,State - KERALA (32),2011,population,553249.0,Census 2011 PCA
India,State - KERALA (32),2011,population,473843.0,Census 2011 PCA
India,State - KERALA (32),2011,population,601775.0,Census 2011 PCA
India,State - KERALA (32),2011,population,450343.0,Census 2011 PCA
India,State - KERALA (32),2011,population,502835.0,Census 2011 PCA
India,State - KERALA (32),2011,population,437207.0,Census 2011 PCA
India,State - KERALA (32),2011,population,420338.0,Census 2011 PCA
India,State - KERALA (32),2011,population,572618.0,Census 2011 PCA
India,State - KERALA (32),2011,population,450054.0,Census 2011 PCA
India,State - KERALA (32),2011,population,418998.0,Census 2011 PCA
India,State - KERALA (32),2011,population,495898.0,Census 2011 PCA
India,State - KERALA (32),2011,population,410962.0,Census 2011 PCA
India,State - KERALA (32),2011,population,530352.0,Census 2011 PCA
India,State - KERALA (32),2011,population,371941.0,Census 2011 PCA
India,State - KERALA (32),2011,population,354720.0,Census 2011 PCA
India,State - KERALA (32),2011,population,328022.0,Census 2011 PCA
India,State - KERALA (32),2011,population,343110.0,Census 2011 PCA
India,State - KERALA (32),2011,population,472631.0,Census 2011 PCA
India,State - KERALA (32),2011,population,340433.0,Census 2011 PCA
India,State - KERALA (32),2011,population,283682.0,Census 2011 PCA
India,State - KERALA (32),2011,population,373157.0,Census 2011 PCA
India,State - KERALA (32),2011,population,272505.0,Census 2011 PCA
India,State - KERALA (32),2011,population,443926.0,Census 2011 PCA
India,State - KERALA (32),2011,population,254290.0,Census 2011 PCA
India,State - KERALA (32),2011,population,265229.0,Census 2011 PCA
India,State - KERALA (32),2011,population,242212.0,Census 2011 PCA
India,State - KERALA (32),2011,population,209014.0,Census 2011 PCA
India,State - KERALA (32),2011,population,349259.0,Census 2011 PCA
India,State - KERALA (32),2011,population,189755.0,Census 2011 PCA
India,State - KERALA (32),2011,population,162297.0,Census 2011 PCA
India,State - KERALA (32),2011,population,173615.0,Census 2011 PCA
India,State - KERALA (32),2011,population,127208.0,Census 2011 PCA
India,State - KERALA (32),2011,population,258614.0,Census 2011 PCA
India,State - KERALA (32),2011,population,128666.0,Census 2011 PCA
India,State - KERALA (32),2011,population,130458.0,Census 2011 PCA
India,State - KERALA (32),2011,population,108500.0,Census 2011 PCA
India,State - KERALA (32),2011,population,107134.0,Census 2011 PCA
India,State - KERALA (32),2011,population,189140.0,Census 2011 PCA
India,State - KERALA (32),2011,population,106496.0,Census 2011 PCA
India,State - KERALA (32),2011,population,68217.0,Census 2011 PCA
India,State - KERALA (32),2011,population,81107.0,Census 2011 PCA
India,State - KERALA (32),2011,population,56407.0,Census 2011 PCA
India,State - KERALA (32),2011,population,123734.0,Census 2011 PCA
India,State - KERALA (32),2011,population,54863.0,Census 2011 PCA
India,State - KERALA (32),2011,population,47308.0,Census 2011 PCA
India,State - KERALA (32),2011,population,37813.0,Census 2011 PCA
India,State - KERALA (32),2011,population,38725.0,Census 2011 PCA
India,State - KERALA (32),2011,population,69675.0,Census 2011 PCA
India,State - KERALA (32),2011,population,37696.0,Census 2011 PCA
India,State - KERALA (32),2011,population,23119.0,Census 2011 PCA
India,State - KERALA (32),2011,population,19855.0,Census 2011 PCA
India,State - KERALA (32),2011,population,13910.0,Census 2011 PCA
India,State - KERALA (32),2011,population,26564.0,Census 2011 PCA
India,State - KERALA (32),2011,population,9845.0,Census 2011 PCA
India,State - KERALA (32),2011,population,6183.0,Census 2011 PCA
India,State - KERALA (32),2011,population,5764.0,Census 2011 PCA
India,State - KERALA (32),2011,population,4574.0,Census 2011 PCA
India,State - KERALA (32),2011,population,6586.0,Census 2011 PCA
India,State - KERALA (32),2011,population,4034.0,Census 2011 PCA
India,State - KERALA (32),2011,population,2378.0,Census 2011 PCA
India,State - KERALA (32),2011,population,2383.0,Census 2011 PCA
India,State - KERALA (32),2011,population,1409.0,Census 2011 PCA
India,State - KERALA (32),2011,population,5431.0,Census 2011 PCA
India,State - KERALA (32),2011,population,34486.0,Census 2011 PCA
India,State - TAMIL NADU (33),2011,population,72147030.0,Census 2011 PCA
India,State - TAMIL NADU (33),2011,population,1004971.0,Census 2011 PCA
India,State - TAMIL NADU (33),2011,population,1078713.0,Census 2011 PCA
India,State - TAMIL NADU (33),2011,population,1053548.0,Census 2011 PCA
India,State - TAMIL NADU (33),2011,population,1084158.0,Census 2011 PCA
India,State - TAMIL NADU (33),2011,population,1057311.0,Census 2011 PCA
India,State - TAMIL NADU (33),2011,population,1079481.0,Census 2011 PCA
India,State - TAMIL NADU (33),2011,population,1065650.0,Census 2011 PCA
India,State - TAMIL NADU (33),2011,population,1139867.0,Census 2011 PCA
India,State - TAMIL NADU (33),2011,population,1127033.0,Census 2011 PCA
India,State - TAMIL NADU (33),2011,population,1139224.0,Census 2011 PCA
India,State - TAMIL NADU (33),2011,population,1290991.0,Census 2011 PCA
India,State - TAMIL NADU (33),2011,population,1217158.0,Census 2011 PCA
India,State - TAMIL NADU (33),2011,population,1207576.0,Census 2011 PCA
India,State - TAMIL NADU (33),2011,population,1236636.0,Census 2011 PCA
India,State - TAMIL NADU (33),2011,population,1225186.0,Census 2011 PCA
India,State - TAMIL NADU (33),2011,population,1279794.0,Census 2011 PCA
India,State - TAMIL NADU (33),2011,population,1177774.0,Census 2011 PCA
India,State - TAMIL NADU (33),2011,population,1196680.0,Census 2011 PCA
India,State - TAMIL NADU (33),2011,population,1325332.0,Census 2011 PCA
India,State - TAMIL NADU (33),2011,population,1274212.0,Census 2011 PCA
India,State - TAMIL NADU (33),2011,population,1449406.0,Census 2011 PCA
India,State - TAMIL NADU (33),2011,population,1244160.0,Census 2011 PCA
India,State - TAMIL NADU (33),2011,population,1242885.0,Census 2011 PCA
India,State - TAMIL NADU (33),2011,population,1230114.0,Census 2011 PCA
India,State - TAMIL NADU (33),2011,population,1244978.0,Census 2011 PCA
India,State - TAMIL NADU (33),2011,population,1549069.0,Census 2011 PCA
India,State - TAMIL NADU (33),2011,population,1271750.0,Census 2011 PCA
India,State - TAMIL NADU (33),2011,population,1333993.0,Census 2011 PCA
India,State - TAMIL NADU (33),2011,population,1321466.0,Census 2011 PCA
India,State - TAMIL NADU (33),2011,population,1187468.0,Census 2011 PCA
India,State - TAMIL NADU (33),2011,population,1709209.0,Census 2011 PCA
India,State - TAMIL NADU (33),2011,population,1053219.0,Census 2011 PCA
India,State - TAMIL NADU (33),2011,population,1110370.0,Census 2011 PCA
India,State - TAMIL NADU (33),2011,population,940295.0,Census 2011 PCA
India,State - TAMIL NADU (33),2011,population,1002467.0,Census 2011 PCA
India,State - TAMIL NADU (33),2011,population,1692559.0,Census 2011 PCA
India,State - TAMIL NADU (33),2011,population,1075794.0,Census 2011 PCA
India,State - TAMIL NADU (33),2011,population,1011152.0,Census 2011 PCA
India,State - TAMIL NADU (33),2011,population,1111922.0,Census 2011 PCA
India,State - TAMIL NADU (33),2011,population,945029.0,Census 2011 PCA
India,State - TAMIL NADU (33),2011,population,1742751.0,Census 2011 PCA
India,State - TAMIL NADU (33),2011,population,889932.0,Census 2011 PCA
India,State - TAMIL NADU (33),2011,population,928210.0,Census 2011 PCA
India,State - TAMIL NADU (33),2011,population,740585.0,Census 2011 PCA
India,State - TAMIL NADU (33),2011,population,762731.0,Census 2011 PCA
India,State - TAMIL NADU (33),2011,population,1628037.0,Census 2011 PCA
India,State - TAMIL NADU (33),2011,population,836154.0,Census 2011 PCA
India,State - TAMIL NADU (33),2011,population,748438.0,Census 2011 PCA
India,State - TAMIL NADU (33),2011,population,815532.0,Census 2011 PCA
India,State - TAMIL NADU (33),2011,population,684895.0,Census 2011 PCA
India,State - TAMIL NADU (33),2011,population,1458094.0,Census 2011 PCA
India,State - TAMIL NADU (33),2011,population,624279.0,Census 2011 PCA
India,State - TAMIL NADU (33),2011,population,598151.0,Census 2011 PCA
India,State - TAMIL NADU (33),2011,population,468967.0,Census 2011 PCA
India,State - TAMIL NADU (33),2011,population,553969.0,Census 2011 PCA
India,State - TAMIL NADU (33),2011,population,1177299.0,Census 2011 PCA
India,State - TAMIL NADU (33),2011,population,563175.0,Census 2011 PCA
India,State - TAMIL NADU (33),2011,population,425071.0,Census 2011 PCA
India,State - TAMIL NADU (33),2011,population,479191.0,Census 2011 PCA
India,State - TAMIL NADU (33),2011,population,456406.0,Census 2011 PCA
India,State - TAMIL NADU (33),2011,population,1276389.0,Census 2011 PCA
India,State - TAMIL NADU (33),2011,population,460519.0,Census 2011 PCA
India,State - TAMIL NADU (33),2011,population,387009.0,Census 2011 PCA
India,State - TAMIL NADU (33),2011,population,325537.0,Census 2011 PCA
India,State - TAMIL NADU (33),2011,population,333154.0,Census 2011 PCA
India,State - TAMIL NADU (33),2011,population,877549.0,Census 2011 PCA
India,State - TAMIL NADU (33),2011,population,305354.0,Census 2011 PCA
India,State - TAMIL NADU (33),2011,population,224796.0,Census 2011 PCA
India,State - TAMIL NADU (33),2011,population,226501.0,Census 2011 PCA
India,State - TAMIL NADU (33),2011,population,234170.0,Census 2011 PCA
India,State - TAMIL NADU (33),2011,population,768218.0,Census 2011 PCA
India,State - TAMIL NADU (33),2011,population,231135.0,Census 2011 PCA
India,State - TAMIL NADU (33),2011,population,157869.0,Census 2011 PCA
India,State - TAMIL NADU (33),2011,population,113154.0,Census 2011 PCA
India,State - TAMIL NADU (33),2011,population,136153.0,Census 2011 PCA
India,State - TAMIL NADU (33),2011,population,362178.0,Census 2011 PCA
India,State - TAMIL NADU (33),2011,population,127988.0,Census 2011 PCA
India,State - TAMIL NADU (33),2011,population,70135.0,Census 2011 PCA
India,State - TAMIL NADU (33),2011,population,70898.0,Census 2011 PCA
India,State - TAMIL NADU (33),2011,population,79042.0,Census 2011 PCA
India,State - TAMIL NADU (33),2011,population,270874.0,Census 2011 PCA
India,State - TAMIL NADU (33),2011,population,75734.0,Census 2011 PCA
India,State - TAMIL NADU (33),2011,population,41997.0,Census 2011 PCA
India,State - TAMIL NADU (33),2011,population,31197.0,Census 2011 PCA
India,State - TAMIL NADU (33),2011,population,36937.0,Census 2011 PCA
India,State - TAMIL NADU (33),2011,population,92072.0,Census 2011 PCA
India,State - TAMIL NADU (33),2011,population,34429.0,Census 2011 PCA
India,State - TAMIL NADU (33),2011,population,19768.0,Census 2011 PCA
India,State - TAMIL NADU (33),2011,population,14668.0,Census 2011 PCA
India,State - TAMIL NADU (33),2011,population,16021.0,Census 2011 PCA
India,State - TAMIL NADU (33),2011,population,47437.0,Census 2011 PCA
India,State - TAMIL NADU (33),2011,population,12838.0,Census 2011 PCA
India,State - TAMIL NADU (33),2011,population,5728.0,Census 2011 PCA
India,State - TAMIL NADU (33),2011,population,4259.0,Census 2011 PCA
India,State - TAMIL NADU (33),2011,population,4423.0,Census 2011 PCA
India,State - TAMIL NADU (33),2011,population,9833.0,Census 2011 PCA
India,State - TAMIL NADU (33),2011,population,4187.0,Census 2011 PCA
India,State - TAMIL NADU (33),2011,population,2457.0,Census 2011 PCA
India,State - TAMIL NADU (33),2011,population,2736.0,Census 2011 PCA
India,State - TAMIL NADU (33),2011,population,1761.0,Census 2011 PCA
India,State - TAMIL NADU (33),2011,population,12654.0,Census 2011 PCA
India,State - TAMIL NADU (33),2011,population,66805.0,Census 2011 PCA
India,State - PUDUCHERRY (34),2011,population,1247953.0,Census 2011 PCA
India,State - PUDUCHERRY (34),2011,population,17989.0,Census 2011 PCA
India,State - PUDUCHERRY (34),2011,population,20261.0,Census 2011 PCA
India,State - PUDUCHERRY (34),2011,population,18626.0,Census 2011 PCA
India,State - PUDUCHERRY (34),2011,population,18608.0,Census 2011 PCA
India,State - PUDUCHERRY (34),2011,population,18465.0,Census 2011 PCA
India,State - PUDUCHERRY (34),2011,population,19043.0,Census 2011 PCA
India,State - PUDUCHERRY (34),2011,population,19866.0,Census 2011 PCA
India,State - PUDUCHERRY (34),2011,population,20124.0,Census 2011 PCA
India,State - PUDUCHERRY (34),2011,population,19561.0,Census 2011 PCA
India,State - PUDUCHERRY (34),2011,population,20123.0,Census 2011 PCA
India,State - PUDUCHERRY (34),2011,population,22468.0,Census 2011 PCA
India,State - PUDUCHERRY (34),2011,population,21640.0,Census 2011 PCA
India,State - PUDUCHERRY (34),2011,population,20235.0,Census 2011 PCA
India,State - PUDUCHERRY (34),2011,population,20836.0,Census 2011 PCA
India,State - PUDUCHERRY (34),2011,population,20547.0,Census 2011 PCA
India,State - PUDUCHERRY (34),2011,population,20942.0,Census 2011 PCA
India,State - PUDUCHERRY (34),2011,population,19439.0,Census 2011 PCA
India,State - PUDUCHERRY (34),2011,population,19528.0,Census 2011 PCA
India,State - PUDUCHERRY (34),2011,population,21267.0,Census 2011 PCA
India,State - PUDUCHERRY (34),2011,population,21140.0,Census 2011 PCA
India,State - PUDUCHERRY (34),2011,population,23050.0,Census 2011 PCA
India,State - PUDUCHERRY (34),2011,population,21610.0,Census 2011 PCA
India,State - PUDUCHERRY (34),2011,population,21386.0,Census 2011 PCA
India,State - PUDUCHERRY (34),2011,population,21488.0,Census 2011 PCA
India,State - PUDUCHERRY (34),2011,population,21285.0,Census 2011 PCA
India,State - PUDUCHERRY (34),2011,population,24186.0,Census 2011 PCA
India,State - PUDUCHERRY (34),2011,population,23571.0,Census 2011 PCA
India,State - PUDUCHERRY (34),2011,population,23845.0,Census 2011 PCA
India,State - PUDUCHERRY (34),2011,population,24151.0,Census 2011 PCA
India,State - PUDUCHERRY (34),2011,population,22491.0,Census 2011 PCA
India,State - PUDUCHERRY (34),2011,population,27035.0,Census 2011 PCA
India,State - PUDUCHERRY (34),2011,population,22053.0,Census 2011 PCA
India,State - PUDUCHERRY (34),2011,population,21137.0,Census 2011 PCA
India,State - PUDUCHERRY (34),2011,population,20159.0,Census 2011 PCA
India,State - PUDUCHERRY (34),2011,population,20686.0,Census 2011 PCA
India,State - PUDUCHERRY (34),2011,population,26248.0,Census 2011 PCA
India,State - PUDUCHERRY (34),2011,population,21257.0,Census 2011 PCA
India,State - PUDUCHERRY (34),2011,population,19773.0,Census 2011 PCA
India,State - PUDUCHERRY (34),2011,population,21845.0,Census 2011 PCA
India,State - PUDUCHERRY (34),2011,population,18336.0,Census 2011 PCA
India,State - PUDUCHERRY (34),2011,population,24041.0,Census 2011 PCA
India,State - PUDUCHERRY (34),2011,population,17985.0,Census 2011 PCA
India,State - PUDUCHERRY (34),2011,population,17429.0,Census 2011 PCA
India,State - PUDUCHERRY (34),2011,population,15289.0,Census 2011 PCA
India,State - PUDUCHERRY (34),2011,population,15035.0,Census 2011 PCA
India,State - PUDUCHERRY (34),2011,population,22171.0,Census 2011 PCA
India,State - PUDUCHERRY (34),2011,population,15790.0,Census 2011 PCA
India,State - PUDUCHERRY (34),2011,population,14128.0,Census 2011 PCA
India,State - PUDUCHERRY (34),2011,population,15203.0,Census 2011 PCA
India,State - PUDUCHERRY (34),2011,population,12013.0,Census 2011 PCA
India,State - PUDUCHERRY (34),2011,population,18945.0,Census 2011 PCA
India,State - PUDUCHERRY (34),2011,population,11995.0,Census 2011 PCA
India,State - PUDUCHERRY (34),2011,population,10663.0,Census 2011 PCA
India,State - PUDUCHERRY (34),2011,population,9644.0,Census 2011 PCA
India,State - PUDUCHERRY (34),2011,population,9676.0,Census 2011 PCA
India,State - PUDUCHERRY (34),2011,population,15776.0,Census 2011 PCA
India,State - PUDUCHERRY (34),2011,population,10009.0,Census 2011 PCA
India,State - PUDUCHERRY (34),2011,population,7933.0,Census 2011 PCA
India,State - PUDUCHERRY (34),2011,population,9198.0,Census 2011 PCA
India,State - PUDUCHERRY (34),2011,population,7193.0,Census 2011 PCA
India,State - PUDUCHERRY (34),2011,population,16356.0,Census 2011 PCA
India,State - PUDUCHERRY (34),2011,population,8286.0,Census 2011 PCA
India,State - PUDUCHERRY (34),2011,population,7082.0,Census 2011 PCA
India,State - PUDUCHERRY (34),2011,population,6463.0,Census 2011 PCA
India,State - PUDUCHERRY (34),2011,population,5641.0,Census 2011 PCA
India,State - PUDUCHERRY (34),2011,population,11384.0,Census 2011 PCA
India,State - PUDUCHERRY (34),2011,population,5150.0,Census 2011 PCA
India,State - PUDUCHERRY (34),2011,population,3883.0,Census 2011 PCA
India,State - PUDUCHERRY (34),2011,population,4215.0,Census 2011 PCA
India,State - PUDUCHERRY (34),2011,population,3351.0,Census 2011 PCA
India,State - PUDUCHERRY (34),2011,population,10381.0,Census 2011 PCA
India,State - PUDUCHERRY (34),2011,population,4184.0,Census 2011 PCA
India,State - PUDUCHERRY (34),2011,population,3118.0,Census 2011 PCA
India,State - PUDUCHERRY (34),2011,population,2432.0,Census 2011 PCA
India,State - PUDUCHERRY (34),2011,population,2406.0,Census 2011 PCA
India,State - PUDUCHERRY (34),2011,population,5850.0,Census 2011 PCA
India,State - PUDUCHERRY (34),2011,population,2610.0,Census 2011 PCA
India,State - PUDUCHERRY (34),2011,population,1539.0,Census 2011 PCA
India,State - PUDUCHERRY (34),2011,population,1588.0,Census 2011 PCA
India,State - PUDUCHERRY (34),2011,population,1202.0,Census 2011 PCA
India,State - PUDUCHERRY (34),2011,population,4094.0,Census 2011 PCA
India,State - PUDUCHERRY (34),2011,population,1524.0,Census 2011 PCA
India,State - PUDUCHERRY (34),2011,population,915.0,Census 2011 PCA
India,State - PUDUCHERRY (34),2011,population,750.0,Census 2011 PCA
India,State - PUDUCHERRY (34),2011,population,655.0,Census 2011 PCA
India,State - PUDUCHERRY (34),2011,population,1575.0,Census 2011 PCA
India,State - PUDUCHERRY (34),2011,population,739.0,Census 2011 PCA
India,State - PUDUCHERRY (34),2011,population,447.0,Census 2011 PCA
India,State - PUDUCHERRY (34),2011,population,352.0,Census 2011 PCA
India,State - PUDUCHERRY (34),2011,population,270.0,Census 2011 PCA
India,State - PUDUCHERRY (34),2011,population,709.0,Census 2011 PCA
India,State - PUDUCHERRY (34),2011,population,267.0,Census 2011 PCA
India,State - PUDUCHERRY (34),2011,population,172.0,Census 2011 PCA
India,State - PUDUCHERRY (34),2011,population,129.0,Census 2011 PCA
India,State - PUDUCHERRY (34),2011,population,108.0,Census 2011 PCA
India,State - PUDUCHERRY (34),2011,population,191.0,Census 2011 PCA
India,State - PUDUCHERRY (34),2011,population,96.0,Census 2011 PCA
India,State - PUDUCHERRY (34),2011,population,66.0,Census 2011 PCA
India,State - PUDUCHERRY (34),2011,population,59.0,Census 2011 PCA
India,State - PUDUCHERRY (34),2011,population,25.0,Census 2011 PCA
India,State - PUDUCHERRY (34),2011,population,172.0,Census 2011 PCA
India,State - PUDUCHERRY (34),2011,population,1101.0,Census 2011 PCA
India,State - ANDAMAN & NICOBAR ISLANDS (35),2011,population,380581.0,Census 2011 PCA
India,State - ANDAMAN & NICOBAR ISLANDS (35),2011,population,5378.0,Census 2011 PCA
India,State - ANDAMAN & NICOBAR ISLANDS (35),2011,population,5997.0,Census 2011 PCA
India,State - ANDAMAN & NICOBAR ISLANDS (35),2011,population,5834.0,Census 2011 PCA
India,State - ANDAMAN & NICOBAR ISLANDS (35),2011,population,5760.0,Census 2011 PCA
India,State - ANDAMAN & NICOBAR ISLANDS (35),2011,population,5785.0,Census 2011 PCA
India,State - ANDAMAN & NICOBAR ISLANDS (35),2011,population,5967.0,Census 2011 PCA
India,State - ANDAMAN & NICOBAR ISLANDS (35),2011,population,6157.0,Census 2011 PCA
India,State - ANDAMAN & NICOBAR ISLANDS (35),2011,population,6218.0,Census 2011 PCA
India,State - ANDAMAN & NICOBAR ISLANDS (35),2011,population,5940.0,Census 2011 PCA
India,State - ANDAMAN & NICOBAR ISLANDS (35),2011,population,6172.0,Census 2011 PCA
India,State - ANDAMAN & NICOBAR ISLANDS (35),2011,population,7051.0,Census 2011 PCA
India,State - ANDAMAN & NICOBAR ISLANDS (35),2011,population,6929.0,Census 2011 PCA
India,State - ANDAMAN & NICOBAR ISLANDS (35),2011,population,6474.0,Census 2011 PCA
India,State - ANDAMAN & NICOBAR ISLANDS (35),2011,population,6497.0,Census 2011 PCA
India,State - ANDAMAN & NICOBAR ISLANDS (35),2011,population,6516.0,Census 2011 PCA
India,State - ANDAMAN & NICOBAR ISLANDS (35),2011,population,6728.0,Census 2011 PCA
India,State - ANDAMAN & NICOBAR ISLANDS (35),2011,population,6499.0,Census 2011 PCA
India,State - ANDAMAN & NICOBAR ISLANDS (35),2011,population,6407.0,Census 2011 PCA
India,State - ANDAMAN & NICOBAR ISLANDS (35),2011,population,6870.0,Census 2011 PCA
India,State - ANDAMAN & NICOBAR ISLANDS (35),2011,population,6522.0,Census 2011 PCA
India,State - ANDAMAN & NICOBAR ISLANDS (35),2011,population,7312.0,Census 2011 PCA
India,State - ANDAMAN & NICOBAR ISLANDS (35),2011,population,6799.0,Census 2011 PCA
India,State - ANDAMAN & NICOBAR ISLANDS (35),2011,population,7639.0,Census 2011 PCA
India,State - ANDAMAN & NICOBAR ISLANDS (35),2011,population,7482.0,Census 2011 PCA
India,State - ANDAMAN & NICOBAR ISLANDS (35),2011,population,7883.0,Census 2011 PCA
India,State - ANDAMAN & NICOBAR ISLANDS (35),2011,population,8892.0,Census 2011 PCA
India,State - ANDAMAN & NICOBAR ISLANDS (35),2011,population,8706.0,Census 2011 PCA
India,State - ANDAMAN & NICOBAR ISLANDS (35),2011,population,8146.0,Census 2011 PCA
India,State - ANDAMAN & NICOBAR ISLANDS (35),2011,population,8699.0,Census 2011 PCA
India,State - ANDAMAN & NICOBAR ISLANDS (35),2011,population,7279.0,Census 2011 PCA
India,State - ANDAMAN & NICOBAR ISLANDS (35),2011,population,9407.0,Census 2011 PCA
India,State - ANDAMAN & NICOBAR ISLANDS (35),2011,population,6774.0,Census 2011 PCA
India,State - ANDAMAN & NICOBAR ISLANDS (35),2011,population,7172.0,Census 2011 PCA
India,State - ANDAMAN & NICOBAR ISLANDS (35),2011,population,5943.0,Census 2011 PCA
India,State - ANDAMAN & NICOBAR ISLANDS (35),2011,population,6427.0,Census 2011 PCA
India,State - ANDAMAN & NICOBAR ISLANDS (35),2011,population,8644.0,Census 2011 PCA
India,State - ANDAMAN & NICOBAR ISLANDS (35),2011,population,6527.0,Census 2011 PCA
India,State - ANDAMAN & NICOBAR ISLANDS (35),2011,population,5701.0,Census 2011 PCA
India,State - ANDAMAN & NICOBAR ISLANDS (35),2011,population,6562.0,Census 2011 PCA
India,State - ANDAMAN & NICOBAR ISLANDS (35),2011,population,5408.0,Census 2011 PCA
India,State - ANDAMAN & NICOBAR ISLANDS (35),2011,population,7959.0,Census 2011 PCA
India,State - ANDAMAN & NICOBAR ISLANDS (35),2011,population,5063.0,Census 2011 PCA
India,State - ANDAMAN & NICOBAR ISLANDS (35),2011,population,5401.0,Census 2011 PCA
India,State - ANDAMAN & NICOBAR ISLANDS (35),2011,population,4053.0,Census 2011 PCA
India,State - ANDAMAN & NICOBAR ISLANDS (35),2011,population,4259.0,Census 2011 PCA
India,State - ANDAMAN & NICOBAR ISLANDS (35),2011,population,7372.0,Census 2011 PCA
India,State - ANDAMAN & NICOBAR ISLANDS (35),2011,population,4553.0,Census 2011 PCA
India,State - ANDAMAN & NICOBAR ISLANDS (35),2011,population,3717.0,Census 2011 PCA
India,State - ANDAMAN & NICOBAR ISLANDS (35),2011,population,4746.0,Census 2011 PCA
India,State - ANDAMAN & NICOBAR ISLANDS (35),2011,population,3473.0,Census 2011 PCA
India,State - ANDAMAN & NICOBAR ISLANDS (35),2011,population,5824.0,Census 2011 PCA
India,State - ANDAMAN & NICOBAR ISLANDS (35),2011,population,3192.0,Census 2011 PCA
India,State - ANDAMAN & NICOBAR ISLANDS (35),2011,population,3146.0,Census 2011 PCA
India,State - ANDAMAN & NICOBAR ISLANDS (35),2011,population,2453.0,Census 2011 PCA
India,State - ANDAMAN & NICOBAR ISLANDS (35),2011,population,2681.0,Census 2011 PCA
India,State - ANDAMAN & NICOBAR ISLANDS (35),2011,population,4408.0,Census 2011 PCA
India,State - ANDAMAN & NICOBAR ISLANDS (35),2011,population,2744.0,Census 2011 PCA
India,State - ANDAMAN & NICOBAR ISLANDS (35),2011,population,1981.0,Census 2011 PCA
India,State - ANDAMAN & NICOBAR ISLANDS (35),2011,population,2615.0,Census 2011 PCA
India,State - ANDAMAN & NICOBAR ISLANDS (35),2011,population,2046.0,Census 2011 PCA
India,State - ANDAMAN & NICOBAR ISLANDS (35),2011,population,3954.0,Census 2011 PCA
India,State - ANDAMAN & NICOBAR ISLANDS (35),2011,population,1864.0,Census 2011 PCA
India,State - ANDAMAN & NICOBAR ISLANDS (35),2011,population,1876.0,Census 2011 PCA
India,State - ANDAMAN & NICOBAR ISLANDS (35),2011,population,1428.0,Census 2011 PCA
India,State - ANDAMAN & NICOBAR ISLANDS (35),2011,population,1254.0,Census 2011 PCA
India,State - ANDAMAN & NICOBAR ISLANDS (35),2011,population,2618.0,Census 2011 PCA
India,State - ANDAMAN & NICOBAR ISLANDS (35),2011,population,1098.0,Census 2011 PCA
India,State - ANDAMAN & NICOBAR ISLANDS (35),2011,population,795.0,Census 2011 PCA
India,State - ANDAMAN & NICOBAR ISLANDS (35),2011,population,956.0,Census 2011 PCA
India,State - ANDAMAN & NICOBAR ISLANDS (35),2011,population,759.0,Census 2011 PCA
India,State - ANDAMAN & NICOBAR ISLANDS (35),2011,population,1939.0,Census 2011 PCA
India,State - ANDAMAN & NICOBAR ISLANDS (35),2011,population,691.0,Census 2011 PCA
India,State - ANDAMAN & NICOBAR ISLANDS (35),2011,population,613.0,Census 2011 PCA
India,State - ANDAMAN & NICOBAR ISLANDS (35),2011,population,400.0,Census 2011 PCA
India,State - ANDAMAN & NICOBAR ISLANDS (35),2011,population,455.0,Census 2011 PCA
India,State - ANDAMAN & NICOBAR ISLANDS (35),2011,population,1001.0,Census 2011 PCA
India,State - ANDAMAN & NICOBAR ISLANDS (35),2011,population,393.0,Census 2011 PCA
India,State - ANDAMAN & NICOBAR ISLANDS (35),2011,population,280.0,Census 2011 PCA
India,State - ANDAMAN & NICOBAR ISLANDS (35),2011,population,320.0,Census 2011 PCA
India,State - ANDAMAN & NICOBAR ISLANDS (35),2011,population,257.0,Census 2011 PCA
India,State - ANDAMAN & NICOBAR ISLANDS (35),2011,population,716.0,Census 2011 PCA
India,State - ANDAMAN & NICOBAR ISLANDS (35),2011,population,261.0,Census 2011 PCA
India,State - ANDAMAN & NICOBAR ISLANDS (35),2011,population,148.0,Census 2011 PCA
India,State - ANDAMAN & NICOBAR ISLANDS (35),2011,population,95.0,Census 2011 PCA
India,State - ANDAMAN & NICOBAR ISLANDS (35),2011,population,116.0,Census 2011 PCA
India,State - ANDAMAN & NICOBAR ISLANDS (35),2011,population,271.0,Census 2011 PCA
India,State - ANDAMAN & NICOBAR ISLANDS (35),2011,population,132.0,Census 2011 PCA
India,State - ANDAMAN & NICOBAR ISLANDS (35),2011,population,53.0,Census 2011 PCA
India,State - ANDAMAN & NICOBAR ISLANDS (35),2011,population,62.0,Census 2011 PCA
India,State - ANDAMAN & NICOBAR ISLANDS (35),2011,population,69.0,Census 2011 PCA
India,State - ANDAMAN & NICOBAR ISLANDS (35),2011,population,116.0,Census 2011 PCA
India,State - ANDAMAN & NICOBAR ISLANDS (35),2011,population,61.0,Census 2011 PCA
India,State - ANDAMAN & NICOBAR ISLANDS (35),2011,population,42.0,Census 2011 PCA
India,State - ANDAMAN & NICOBAR ISLANDS (35),2011,population,34.0,Census 2011 PCA
India,State - ANDAMAN & NICOBAR ISLANDS (35),2011,population,37.0,Census 2011 PCA
India,State - ANDAMAN & NICOBAR ISLANDS (35),2011,population,50.0,Census 2011 PCA
India,State - ANDAMAN & NICOBAR ISLANDS (35),2011,population,35.0,Census 2011 PCA
India,State - ANDAMAN & NICOBAR ISLANDS (35),2011,population,28.0,Census 2011 PCA
India,State - ANDAMAN & NICOBAR ISLANDS (35),2011,population,29.0,Census 2011 PCA
India,State - ANDAMAN & NICOBAR ISLANDS (35),2011,population,16.0,Census 2011 PCA
India,State - ANDAMAN & NICOBAR ISLANDS (35),2011,population,102.0,Census 2011 PCA
India,State - ANDAMAN & NICOBAR ISLANDS (35),2011,population,368.0,Census 2011 PCA
